ID,x ,y,f1,f2
0,134.8051369,14.009258,-1.436098599,0.578484316
1,147.764351,17.18313837,-1.089413102,1.285704463
2,144.5179373,23.24586256,-0.270576027,-0.9129317
3,202.3559483,48.35484798,0.192419941,-0.195041438
4,149.1662662,48.02540042,-0.683385841,1.07272324
6,150.8501576,53.12127456,0.485140492,0.567297928
7,225.4803383,53.92977293,-0.056320218,0.067043559
8,217.3029989,60.12610504,0.177573211,0.086216541
9,216.7656874,56.26692821,0.023377969,0.495447092
10,227.6465321,58.36000921,0.113579404,0.023701144
11,232.8987357,60.41928409,0.221607879,-0.408590436
13,225.6643425,58.81989291,0.34048538,-0.708528913
14,224.6532984,66.66055385,-1.176150155,-0.301135499
15,216.7748653,72.61919498,0.089693425,0.116998936
16,221.2297672,78.73592302,-0.154412692,-0.469806516
17,231.7160156,76.26672152,0.284815462,-0.989214423
19,218.8122505,77.66979084,-0.824261373,-0.074531911
20,231.665572,78.02700125,-0.401780653,0.208026812
21,222.6143426,76.71677652,-0.23080671,1.13654627
23,255.8025931,84.93754548,0.029386564,-0.296999656
25,258.8628961,84.233302,-0.12370735,0.093517098
27,222.7487477,85.38263853,0.361923357,0.266529325
28,253.3272195,86.37592272,0.179736798,-0.023742828
30,235.8063023,87.21597796,0.044609498,0.217591615
31,230.8432843,87.504131,0.904217089,-0.094461788
32,188.8153179,87.77151761,-0.180293264,1.153494433
33,266.5495786,88.36622122,-0.269772101,0.254853653
35,286.4517193,89.98722019,-0.124078373,-0.299338897
36,234.9492229,88.78366099,0.17878842,0.97669312
37,259.2321283,90.24660741,-0.436428301,-0.133547449
38,228.186276,89.49389978,-0.761285961,0.44155944
41,245.3428205,91.36188148,-0.225740074,0.093596377
42,178.798069,90.89445344,-0.220478079,-0.358765619
43,299.9259417,92.21640414,0.138087136,-1.286073637
44,265.9954399,92.96338004,1.376047983,0.686789938
45,300.324171,92.15846267,-0.352139798,-0.595223818
46,278.6806474,92.62770654,-0.307269015,0.406539039
47,266.3097525,93.56288635,-0.779781422,0.373180289
48,300.7298395,97.11080197,0.197609404,0.02780061
50,298.8592104,99.24729637,0.424167772,-0.497254113
51,303.1203497,100.3792402,0.538859093,0.340790153
52,285.4700752,101.7827608,0.126184283,-0.169599294
53,304.2526844,102.743643,-0.268686512,-1.828411492
54,272.6714531,103.9626314,0.375916065,-0.40691074
55,249.3674373,105.0401599,0.843086953,-1.242627145
58,267.5906212,110.1195853,-0.082768179,0.042263023
59,252.3357321,108.818228,1.67480134,-0.194485274
61,296.3567337,113.7752238,-0.303034495,-0.434410504
62,270.7620353,109.8278718,-0.600153992,-0.208630208
63,270.7811133,118.5440705,-0.619194713,-0.212998474
64,267.2704712,112.5918964,0.565024586,0.106783199
65,299.7342212,111.6508787,-0.110929119,0.537277726
66,272.1669608,113.2663133,1.335479227,1.654574484
68,256.5582091,114.0546827,0.387815285,0.491178174
70,259.8596993,118.7141447,1.363973143,-0.301630247
71,138.8138672,116.6783803,0.298014768,1.034848972
72,292.7350744,118.7452398,0.122554062,-0.039470544
73,274.0633749,121.0676472,0.483527971,0.48593398
76,138.8696783,122.4693483,0.084804028,0.108718027
77,204.1857515,123.1466963,0.625092457,-0.0578934
78,274.0588564,130.0495068,0.459591283,-0.697073306
79,278.9537564,128.8850968,-0.0528667,0.103330764
81,280.307398,127.7784826,0.974263714,-0.885721148
82,199.9761092,128.0533836,1.079883021,1.012273047
83,270.9712749,130.3096255,-0.096704157,0.33402986
84,251.5761836,138.5040334,-0.027219351,0.02042713
85,288.6597675,130.5969614,0.029056618,0.344187299
86,271.6431209,132.260143,0.201748118,-1.933149065
87,255.7712577,131.7268607,0.619069465,0.903236143
90,183.037845,139.0160972,-0.234390313,-0.284632274
91,151.8688627,137.5672089,0.13454668,0.25174676
92,137.4298892,140.7298106,0.055021683,-0.257544082
93,156.8330087,142.1914617,-0.068601265,-0.32460837
94,288.4711188,139.8908552,-0.377409906,0.286698783
95,268.7201765,140.65394,0.016332386,-0.036350615
96,247.3653822,141.8051461,0.27685862,0.347161466
97,267.9651315,140.3766312,-0.62487338,0.280291966
98,261.9690734,141.2951156,-0.384727911,-0.265516188
99,152.2575516,144.4110735,0.02832479,0.004766986
100,265.8511673,144.6133293,0.013026782,0.088767207
102,288.3539183,147.9964284,-0.175751314,0.05709653
104,265.6451399,145.5548729,-0.290356904,0.820543059
105,275.0502517,146.7872357,-0.051665996,1.22770264
106,151.8117796,152.491947,0.010204343,-0.034369994
107,171.5104505,165.3702814,-0.332808772,-0.159103126
108,136.8764822,162.6384871,0.13137767,-0.407062179
110,267.6581801,178.7990451,-0.076392306,-0.024917935
111,269.3553012,176.5097714,-0.125576819,0.630329226
113,118.5892394,185.9464009,-0.494557703,0.823753935
115,259.3047698,189.5990732,-1.806135022,-0.326472841
117,198.3091019,191.0717636,-0.090254778,0.698636506
118,248.6466992,194.230053,0.229064302,0.264272339
119,260.2595059,195.7814966,-0.541498092,-0.11749092
120,97.36837266,195.952611,0.80265628,-1.448678984
121,31.71971903,195.1349628,0.657044173,1.223332953
122,200.8424986,197.6609593,-0.191326157,0.033595956
124,252.6333291,196.8918704,-0.251916625,0.629792441
125,251.9997204,199.0164919,1.114958639,-0.317774193
127,33.85507144,201.7035266,-1.074978284,0.184461661
131,240.2952547,206.4910464,1.315721993,0.650788943
132,240.3142868,207.8883232,-0.121499799,-1.594407537
134,233.7181352,208.5620867,0.165763064,0.229297112
135,53.92012438,208.1889614,0.392209292,0.22631294
137,42.9557861,212.0514121,0.07383684,0.024873398
138,40.280521,209.9881371,-0.018899093,0.32509581
139,238.0745887,218.9182892,0.031373154,0.104785079
142,235.0820747,211.3615053,0.116795291,0.217129847
143,54.83638022,215.7502606,0.748827547,-0.576341349
145,32.14492383,220.1870941,0.110415411,0.057930785
146,19.167791,216.9071814,-0.251247829,0.363903051
151,233.6581305,221.0320619,1.550887584,0.572714835
152,50.78667245,221.8555887,1.72552889,0.119570003
153,169.1024275,222.1496585,-0.051783425,-0.093996816
154,28.5334952,224.2768389,0.299471166,0.148226537
155,30.94115445,222.4531655,0.117399061,-0.349589732
156,247.7203643,231.0570386,0.095541465,0.181559025
158,42.66607656,225.4359636,0.110933448,-0.179869386
159,29.16025318,229.2364757,0.162595884,0.115203301
160,234.1185959,231.9110731,0.299866155,-0.735926872
161,13.73228333,227.3014518,-0.055419086,-0.172778844
163,63.06832642,228.7866409,0.57495555,-0.570676624
164,36.91356758,228.5377994,0.338201635,-0.113404465
166,38.21384614,229.2657226,-1.47905235,0.010577322
167,53.76926106,235.721629,0.179920599,0.002570624
168,97.0599218,230.8581651,-1.104010563,-1.541867466
170,228.8958474,232.8587332,0.066754463,0.133113187
171,34.41960679,230.7641719,-0.348107074,0.183738259
172,54.88251393,233.0775388,0.5484834,0.25092807
173,14.15852659,232.5784332,0.092422024,-0.069804751
174,10.7873738,233.6344592,0.212424808,0.192492991
175,200.4209119,234.5686173,0.219790181,0.044342839
176,237.0623053,235.836571,0.070433523,0.337056781
179,192.8001793,239.4784356,0.099764209,0.141281045
182,20.81762861,239.5055337,0.014826017,-0.238127046
183,14.05245744,239.7408335,1.087653274,0.505157587
184,179.1087578,239.6489303,0.663733882,-0.277614295
185,234.967419,242.9344663,0.177304861,0.111433962
186,12.08400358,241.6133488,0.207874707,1.227943456
187,45.04066833,245.5290472,0.167221543,-0.25876844
188,45.58551751,249.0524525,-0.145203928,0.010848245
189,25.27364419,246.5366956,0.65670535,0.261574829
190,215.6108972,244.7056923,0.154282465,0.116638932
191,38.86823161,247.3885785,0.241998774,0.0968355
192,71.04114358,247.0058949,0.16593352,0.361701857
195,224.4434809,245.8689706,0.043828411,0.171342913
196,51.44812061,245.1783513,-0.657757027,-0.779821385
198,18.54926119,245.6384945,0.029522141,0.392391932
200,39.88015946,249.782408,0.824501895,0.344301076
201,243.3495634,248.2372888,0.533122885,-0.410184189
202,81.37002931,256.2903545,-0.516349072,-0.18397236
203,183.1547598,248.1200864,0.167221569,0.170954495
205,236.5826732,248.1798449,0.160479382,0.158401134
207,83.92579319,249.5816456,0.297503342,0.035287542
208,78.11788127,254.544389,0.468837883,0.075307268
209,69.14263478,250.1552915,1.120621954,-0.866934871
210,86.9084017,250.8651599,-0.827423229,-0.178610562
212,54.80707853,253.3004292,-0.092962559,0.554789611
213,186.8422251,253.6447534,0.191382044,0.016405591
214,230.9937629,256.5090799,0.477616812,0.007213345
215,173.754635,254.8512338,0.225320352,0.117561979
216,179.0003951,256.3875265,0.036701717,0.45374949
218,195.059862,263.8753768,0.113930767,-0.069013326
219,183.6995006,260.3131249,0.034981418,0.068394597
222,48.89337808,263.0714086,0.382396206,-0.601654479
224,219.4909984,262.8869701,0.065899997,0.13165592
225,180.486968,263.8687144,-0.063836565,0.37326801
226,42.47616397,262.5738449,0.630066628,-0.972453043
227,80.15162195,263.4437393,0.76621705,-0.152628605
229,36.4917098,264.2551326,-0.205820609,0.397854899
230,42.69275711,263.1092647,1.621823887,1.129443657
232,35.61521541,264.321047,1.247938901,0.811853808
233,202.0950661,268.0231893,0.015769055,0.023604857
234,191.2964826,266.2482144,0.041685299,0.015531319
235,165.3509984,268.8920581,0.495248835,-0.739880171
236,162.8520956,267.7177981,0.507964972,0.347136871
237,156.313516,269.7299333,-0.050224164,0.19661498
238,167.9143405,267.4109242,0.426680411,0.673431982
240,163.2267533,274.1618669,0.561396832,-0.453453683
241,164.6849406,265.3940285,0.858876353,-0.250887672
242,183.9215153,268.8874972,0.079662441,0.36321618
243,201.6252921,273.4264503,-0.04833001,-0.688734716
244,155.2982965,269.7297013,-0.228874143,0.675165555
245,86.01666986,271.5746448,-0.147431788,0.52654798
247,200.942972,271.8528146,0.204160336,0.059597753
250,82.93067862,274.0541428,0.537139501,-1.717092633
251,62.90082153,279.3742217,-0.345088574,0.196522675
252,222.6953697,274.1385935,0.150744433,-0.073452994
253,159.3556793,273.2642057,0.130877543,0.593209475
254,84.77545851,274.6952773,0.359740141,0.72937246
255,162.966836,279.2888305,0.002111825,-0.02350523
256,202.8807592,276.2590375,0.114547572,-0.420756529
257,159.5878946,276.1771402,-0.026270154,-0.14863149
258,206.8016565,276.4181939,-0.577570657,-0.347882176
259,61.62358441,277.2538056,-0.664984567,-1.383910735
260,230.4654528,277.7810001,-0.633424928,-1.551886244
261,166.3618885,276.4138225,0.026954554,0.33494415
262,205.3560751,277.765957,-0.164456447,0.261371448
263,186.2186258,278.6322891,-0.033097418,0.277086786
264,197.1090186,283.5578402,-0.023330791,0.200755532
265,88.00621172,282.3160398,-0.015691768,-0.003595256
266,143.5700487,282.2638006,0.454091956,-0.252636898
267,107.7586449,284.1959024,-0.277983065,0.145607883
268,183.7019456,285.5086318,0.009575023,0.093573714
270,88.7046174,281.2300597,0.68375393,0.40641664
272,187.4205646,283.3483343,-0.087241684,-0.157386734
273,102.1686384,285.0680654,-0.112162996,0.093798702
274,186.145213,286.9124926,0.064755668,0.134621128
275,217.5428765,285.0035004,-0.152120405,-0.132270604
276,140.3033902,285.1876495,0.185998785,0.148287007
278,107.619128,287.7551816,0.360470993,-0.320583041
279,149.4876306,286.5968474,0.016297314,-0.125558861
280,179.1973521,289.4901112,0.365461647,0.355919761
281,154.0409475,290.6867727,-0.130645899,-0.023519328
282,151.8367311,291.2333054,-0.188428194,-0.351003226
284,187.6867969,291.5522865,-0.316743563,0.144227906
285,96.52421512,294.1691754,0.011177035,0.043256005
286,184.8101573,293.347832,0.316539452,-0.142404743
288,123.573251,294.8615494,0.301299665,-0.34138763
289,121.6364175,295.0809833,1.43542705,0.846918152
290,150.2285809,296.5156956,-0.189000003,0.157169501
291,106.7306181,296.1844513,0.67349851,-0.14913739
292,146.0997307,296.5944836,0.437150225,-0.208738514
293,95.57642268,298.878645,-0.054555444,0.136049702
294,94.73547574,300.5242755,0.122243067,0.07181812
295,143.5006247,301.87695,-0.469423253,-0.474727314
296,161.8584675,305.6415015,0.01494306,0.145292901
297,163.6935253,300.8167902,-0.60191544,1.183699061
299,164.084758,302.4362629,0.112080074,-0.151835588
300,118.6244164,301.2167973,-0.120527987,0.50586577
301,119.0697803,305.9716415,-0.001076785,0.06646294
302,186.9028534,307.1989963,-0.143956437,0.012095593
303,96.55660708,305.5715309,-0.266177121,-0.274939751
304,106.3665239,311.2058542,0.068770586,0.035784221
306,141.4685769,309.0816371,-0.127421973,0.321270531
308,169.5709992,317.0481252,-0.554275854,0.280107371
311,165.8311332,318.8059624,0.127709691,0.071959316
314,174.0883712,322.8264164,-0.400808557,-0.159474793
315,142.2839322,322.634084,0.083677726,-0.459001753
316,134.358302,323.892109,0.073256172,0.237731792
317,149.3431857,329.9722837,0.533393446,-0.37146005
318,157.7055983,328.7205729,-0.043725264,-0.193631482
319,137.0466384,326.734596,0.290643132,0.072477403
323,131.8013041,327.918106,1.053231972,0.550386943
326,169.6729629,330.5637754,0.11681231,-0.019868248
328,162.9818612,349.0343304,1.168254014,1.679952434
330,166.4321957,348.5182074,-0.467550325,0.137984727
331,150.0726586,327.0851688,-0.077912039,1.132661566
332,174.2247512,15.88312329,-0.696229674,-0.605372592
333,146.4972236,19.47669022,-1.270347123,-1.087775099
335,170.3549982,21.57650589,-0.434392186,0.287595756
336,134.3506634,25.30197247,0.00312038,-0.029168295
337,131.4422352,25.91900576,0.30884202,0.258436221
339,142.1070181,29.17334158,-0.023779849,0.066684639
340,173.1196647,30.64046069,-0.23225409,0.470523027
341,165.8433459,22.38348307,-0.252906003,0.515134224
343,165.3475208,34.24993412,-0.10574073,0.85905325
345,160.8649528,32.89702842,0.134252456,-0.208005052
346,154.0924981,34.57269919,-0.412556183,-0.780856941
347,165.5143801,33.92772507,-0.024092655,-0.154294013
349,170.3320142,34.55302163,-0.251938984,0.297086867
350,119.5844234,35.28749836,-0.40032274,0.11152654
354,170.962578,43.77593954,-0.116837712,-0.390822069
355,157.9512579,41.01454705,-0.46770179,-0.149694725
356,116.8536147,40.9940308,0.022445391,0.063488248
357,123.9304406,41.07100508,1.086860497,0.444212045
358,117.7842556,46.0955164,-0.084704841,0.125484504
359,147.1558231,41.97412661,-0.303722697,-0.006681306
363,114.9397646,42.15999328,-0.900212415,0.594923296
365,178.8004935,42.95572174,-1.0701378,-0.17777252
366,166.1977474,44.14430074,0.212657092,0.246443846
367,116.9432807,43.87268402,-1.300369321,-0.333875981
368,128.0780582,46.88090344,-0.111129405,0.022389101
369,122.6713193,48.56381332,-0.075841036,-0.036572541
370,133.3843446,46.57343438,-0.289417917,-1.601337292
371,104.1793768,46.6672838,0.084070144,-0.159776696
372,172.4617829,48.74926859,0.054281136,-0.360084378
373,167.6976688,48.37427524,0.177412027,0.102473687
374,146.5672248,48.43328926,-1.599004029,-0.11592611
375,143.628421,49.47204105,-0.07247062,0.156160175
376,153.6258899,50.01328879,-0.581274872,0.089827066
377,182.2048088,58.84886385,0.160103453,0.052539302
380,159.2811894,49.59093134,0.334811703,-0.1685977
381,158.1131122,54.00398903,0.059159069,-0.388786079
382,163.5388475,49.92633877,1.45699641,0.464657273
383,166.1949792,50.71527612,-2.593604393,0.099344502
384,138.823166,50.01670699,0.215005318,0.026422207
385,107.1540695,51.76580681,0.186150247,-0.435822108
386,154.5841947,59.73374672,-0.042796461,-0.042255513
389,171.7434545,53.11586987,0.28842092,-0.325382323
390,181.09094,52.77846053,-0.648507194,1.194179369
392,154.9411663,52.62133737,-1.108056144,0.255980275
394,150.6668963,60.04483892,-0.082692732,-0.015364636
395,146.9235591,55.74233608,0.101782247,-0.446645707
396,122.6510241,54.67462556,-0.40282301,-0.384559848
397,200.7539742,57.69721467,-0.661837071,-0.524365054
398,123.5372821,55.53035122,-0.647983903,-2.162230131
399,174.0327559,55.69705755,-0.397252199,-0.135154108
400,97.18186585,55.9337781,0.264536891,-1.130794522
401,174.1323706,55.89737687,-0.31645539,1.912296299
402,162.0192778,57.67042714,0.160328601,0.242052024
403,141.7757148,58.28395116,1.147865546,-1.241910607
404,201.0919727,57.7440107,-0.457288154,0.527762222
406,135.5791231,59.43919876,0.181737175,0.452260996
407,141.3750703,60.66008526,-0.006226559,-0.225550258
408,128.1601684,60.88242573,-0.01922449,-0.128575301
409,95.88160712,59.82439583,-1.348695978,-0.632468573
410,135.6502129,59.7141198,-0.48441049,0.346170058
411,121.3211328,59.79094338,-0.474116844,0.152866126
414,152.7800567,63.30015722,-0.082541301,0.001001343
415,199.3136035,62.13931983,-0.103808699,0.027298305
416,117.7215746,61.3917021,0.202058302,-0.281376519
417,121.5908763,65.38040193,-0.718722218,-0.389020551
418,152.7663465,63.19281369,0.338477193,-0.208131834
420,119.1737902,63.34476778,0.813806826,0.356430946
424,108.1623875,64.2936257,0.143777163,0.114028786
425,158.9026235,64.72878249,0.114785216,0.299401757
426,111.2157768,64.70019706,0.171071946,0.118383301
427,162.6284505,63.99013911,-0.390855283,0.153543042
428,160.9018284,65.41453302,0.21715736,0.194938935
429,180.5604333,64.94929287,0.08088753,0.132502873
430,115.8899486,66.83826704,0.050205401,-0.438455124
431,97.25863313,68.14028279,0.596699867,0.593773393
432,200.7631965,69.1940808,-0.057019873,0.083975247
434,197.9751808,67.28666373,-0.215763215,-0.118135196
435,118.2329882,68.38223502,-0.177409651,-0.127349547
436,170.9475789,69.95911887,-0.182425862,-0.144704893
437,180.8894999,69.37157223,1.316467932,-0.598804447
438,168.5554296,69.15707094,-0.111561234,-0.191512143
439,98.37131265,69.02650099,0.004962905,-1.125538677
440,108.4232085,69.07508579,0.089386051,-0.366338658
441,195.3998816,70.25989817,0.165405149,0.660395218
443,169.7934397,70.95114363,0.30445956,-0.192807996
445,114.5324518,70.38029467,0.360223723,0.745387755
446,99.86588246,71.30518408,0.840125086,0.545319678
447,162.6183086,72.68203265,-0.141602452,-0.075803437
449,108.9376752,72.20082054,0.016263354,-0.348362359
450,97.33127719,73.36948627,0.438368008,-0.000701757
452,183.2787022,73.95398397,-0.313537053,-0.159926156
453,114.5622701,74.50692429,-0.113800812,-0.021279859
454,167.0986972,74.38461642,0.116477842,0.372862865
455,110.4151736,73.78656633,-0.194323886,0.228345259
456,176.2888768,74.04106679,-0.413003962,0.332320605
457,182.6822309,75.42574628,-0.637705394,0.563983311
458,126.2753711,75.92926582,0.015675548,0.081874015
459,152.4248812,79.3146633,0.436405879,-0.668008076
460,166.4154331,76.65111619,0.132738671,-1.341541541
461,154.8466075,77.504394,0.359820522,-0.350344853
463,221.5107119,81.36410142,-0.184520338,0.039552631
464,83.20291067,79.28364119,0.293903401,-0.476739277
465,143.6453638,78.14879636,0.549633504,-0.020811078
467,143.8567236,80.36536908,0.909141563,-1.204397082
468,118.0738043,78.64140822,-0.070485996,0.018107061
469,148.7843414,79.90888687,-0.137360087,-0.94548645
470,168.166132,80.17282053,1.193827477,-0.044971473
473,164.7697685,79.23420153,-0.26523152,-0.123520757
475,156.0966397,80.29824622,0.020924689,-0.326522281
476,102.0484009,80.72756111,-0.254736973,-0.056254163
477,186.9424906,79.9665459,-1.363709263,1.638183552
478,127.4200147,80.50368346,-0.17799806,0.15902709
479,139.9016895,80.94306389,-0.114387342,-0.323093596
480,91.00819792,84.24187434,0.585163349,-0.521689143
481,164.3855508,81.14875483,-0.017984215,-0.005227561
482,61.67918097,83.15345325,0.7471643,-0.018991305
483,128.3525452,80.46744493,1.054023353,1.161904783
484,187.3889469,84.48652084,0.048335967,-0.31274394
485,58.90157877,84.32161395,-0.03364156,-0.107638206
486,203.3481741,84.00972663,-1.171782792,-0.900619832
487,203.7931176,80.5925846,-0.498085605,1.197214409
488,195.1453814,83.07419883,-0.342589452,0.001721664
489,208.1558855,84.57379862,-0.14719415,0.247581836
492,179.1965976,86.49963975,-0.40795835,0.022329638
493,146.0354736,84.50852419,0.179479707,-1.015223496
495,146.6401235,84.43809683,0.065988202,-0.076489119
496,81.39763386,84.65365418,0.031359803,0.662286712
497,75.38973472,84.66971193,0.911582947,0.530235124
498,74.9602501,86.91274584,-0.255484728,-0.492340221
499,150.0913159,85.28657963,-0.962385474,-0.684001837
502,164.3937597,87.88691638,-0.161265262,-0.069240538
503,83.24851668,86.27871004,0.049955252,0.179058606
504,117.8522893,86.92448473,0.090686605,0.707399653
505,170.5689279,86.83539754,0.105773138,-0.066696228
506,111.70164,86.30670641,-0.355458097,-0.285720818
510,199.5588088,87.0631062,0.15052259,-0.149999758
511,86.55147865,90.21460588,0.122229275,-0.457230211
512,167.4564707,88.1367472,0.248526244,-0.477295383
514,103.4796409,91.0683193,-0.457337499,-0.837670162
515,217.1815644,89.34336378,-0.212125351,-0.863030413
516,178.9566195,89.80939919,0.025159036,-0.003251919
518,57.75868982,90.7208999,0.233975808,-0.57747983
520,130.0691561,88.50948423,0.186979603,0.441192571
521,200.1762491,88.57591642,0.582769785,0.988881918
522,115.424425,90.60051549,-1.057442946,-1.05970659
523,210.6313965,90.78948281,0.108115206,0.14209359
524,116.1065961,91.04251528,-1.032613199,-0.366312885
525,113.4253226,90.76990087,0.054185972,-0.175723339
526,160.1954357,91.68564522,0.099735306,-0.217046973
527,143.8266516,93.76026176,0.030796658,-0.048126031
528,177.8707856,92.75165145,0.111249775,0.1739586
530,225.576532,93.37995696,0.123257761,-0.388728333
531,91.12987233,92.9438764,0.075698198,0.006937695
532,179.851853,93.7373846,-0.753891069,0.182610238
533,210.1628651,98.74564811,-0.114465821,-0.545197391
534,97.06260261,98.73789608,0.114671111,0.164793258
535,183.5978719,91.8378762,-0.038211912,0.477687913
536,142.2931324,92.47809342,-0.121289949,-0.611542771
537,152.2435041,93.59450154,-0.155455662,-0.148796149
538,64.61458266,93.42949571,0.100818378,0.083062508
540,131.7763286,93.10787355,0.074537177,0.380962536
541,116.2638001,94.99775355,0.206966035,-1.459946046
542,99.64646745,96.50394775,-0.607648983,-1.016542192
543,64.32909492,100.1914651,-0.837616829,-0.435024981
545,47.82639925,97.02000183,-0.678623123,-0.468192333
546,180.1215273,95.14019482,-0.468385017,-0.566538068
547,164.838544,95.1589355,-0.00683966,0.132900308
548,152.6583603,94.89740287,-0.111341643,0.0429427
549,100.3141469,95.16059428,0.02178711,-0.996963318
550,62.11837491,95.69908227,1.270030934,1.159570373
551,89.26812594,95.86135446,0.377884979,0.207468329
552,52.93212987,98.14391933,-0.164244438,-0.036741561
553,141.85975,96.4361838,-0.272488494,-0.083057526
555,173.1118149,97.2001666,-0.780535479,-0.039341821
556,135.1955207,96.0483399,-0.119928882,-0.131907621
557,183.2416936,97.29412479,0.154687643,-0.557618699
558,47.32634694,96.67126683,-0.230608673,1.321199969
559,160.9877044,96.82233708,0.238287877,-0.223738781
560,180.4348212,96.84469323,0.26648886,0.346158597
561,75.81902329,97.337429,-0.050987968,-0.005450116
562,48.1307034,97.60176282,0.49134081,0.110187933
564,210.6526982,97.44874225,-0.24241676,-0.186399875
565,225.7446723,98.54465957,0.016850939,-0.084220172
566,80.82235805,100.0823541,-0.352198263,0.835330428
567,155.8122913,97.99274842,-0.31900153,-0.529118361
568,199.5446494,98.10560297,0.599819508,0.201422131
569,163.2163509,102.2853669,0.415309015,-0.342050814
570,169.3626,101.7928183,-0.147425045,-0.304331827
571,174.630547,98.82434438,-0.187319055,0.026426798
572,190.6334248,99.27472264,-0.494395557,0.309285184
573,175.3938495,101.2145098,-0.320945779,0.503855609
575,156.4730949,99.63480442,0.218972448,0.669599354
578,190.9524476,100.3405653,-1.142409707,-0.322143661
579,123.184341,100.6373465,-0.475566648,0.454875741
580,117.452563,103.1117202,-0.056356085,0.004780156
581,153.5749719,102.0390613,-0.255601692,-0.118653113
582,128.8682395,101.0388156,-0.104608552,-0.026970613
583,82.39617137,102.1253354,0.020334346,-0.164449655
584,53.14627644,100.2586051,-0.50369156,0.392837908
586,143.5312526,102.9860563,0.245918994,-0.210953569
589,143.1640331,103.5651163,0.508854398,-0.363629461
590,151.0119449,102.5326757,0.449179461,0.237249384
591,110.1251087,103.4315932,0.058465883,-0.082066398
592,106.7995378,102.3325315,-0.903567284,-0.753641533
593,198.548162,104.4457789,0.114145712,-0.427270857
594,85.44170655,108.3612485,-0.083742455,-0.084716586
596,145.2420897,103.7922466,0.305462604,-0.00937604
597,195.6219416,104.6950583,-0.201264777,-0.18873951
598,113.6250583,105.7887831,-0.144358621,-0.112379758
599,155.6189169,104.8985481,0.271248613,-0.561105778
602,129.5673828,105.9267973,0.042702491,-0.115791382
604,44.35964418,108.9417866,0.112038505,0.052431326
605,87.87408652,105.2510555,0.016957358,0.371282099
606,31.68352327,113.9148295,0.110340731,-0.314986728
608,103.2486683,104.9880225,0.01690801,0.11130446
609,141.1124265,106.7592476,0.01698221,0.06250762
610,143.3444189,106.0281749,-0.729599863,-1.429800794
611,200.9365141,105.5178573,-0.388285182,0.354919113
612,86.52620406,107.2861273,0.274432894,-0.488589572
614,197.535658,108.8569305,-0.017177365,-0.390077326
615,101.5387325,108.5156749,-0.385995995,0.325080799
616,164.1394892,108.720675,-0.842231371,0.190384024
617,230.0600422,107.7749368,-0.544397105,0.578097407
618,75.6263022,108.8731855,-0.491216827,0.607589517
619,149.7124528,109.5379556,-0.657892178,-0.543318826
620,75.42653348,110.2898588,0.031679442,-0.298616292
621,162.0416178,110.0836332,0.350081344,0.057572887
622,190.7054872,107.9316902,-0.382530072,0.182611395
623,235.8388269,110.7685039,-0.776302469,-1.619240084
625,222.9817316,111.9652398,0.138283993,-0.457968849
626,210.3045261,112.8140908,-0.128458969,-0.229528204
630,200.0826565,114.0582125,-0.585737482,0.170778858
631,43.00842396,119.270602,-0.472112243,-0.540494548
633,92.79725206,114.5883955,-0.062550594,-0.410399402
634,41.47872462,115.1241928,0.259736989,0.064311389
635,82.67200439,114.4734745,-0.033357753,-0.037894159
636,104.6830403,115.1779269,-0.515667546,-0.649570518
637,192.0741092,113.2267565,0.370737216,0.083138729
639,179.7713143,114.1821107,-0.347237656,0.45589333
640,207.6805483,115.2515055,-1.287835144,-1.500119218
641,202.7035309,115.3248498,0.020233219,-0.298276466
642,86.41787403,113.5114491,-0.747092504,-0.330093028
643,160.3502785,114.5993918,-0.787626155,0.256122227
645,61.182128,125.9149461,-0.598775802,-0.291809889
647,59.38601814,114.1199332,-0.689581043,-0.445220974
648,145.0326593,116.8758442,0.034641836,0.159770422
649,87.52756248,117.2246862,-0.511771961,-0.536445744
650,85.15903862,118.1788078,0.104642319,0.079040383
651,70.96094499,117.3486199,-0.225650848,-1.097543938
654,103.4062111,117.5300764,-0.301439333,-0.240482502
655,174.5526001,118.8376458,0.233961699,-0.189338381
656,108.9280948,119.0068397,-0.489298317,-0.075552596
657,45.43270173,116.6979919,0.586191334,-0.225653545
659,112.2897613,119.3305071,0.097379473,0.122534253
660,76.53980474,119.2185135,0.176329929,0.03530431
662,84.16685577,119.0859501,0.325281544,-1.094907272
664,169.2429483,118.245878,-0.028169705,0.116243719
667,218.733341,122.3831122,0.73104885,-0.943745083
668,52.15504687,121.4794516,0.003006436,-0.164555936
669,189.722854,119.2169561,-0.177638323,-0.248724303
671,182.5920866,122.1296137,0.06747791,-0.092918637
672,154.4002358,121.155693,-0.135764902,0.168617891
674,215.7239515,122.0651081,-0.088407556,-0.048772603
675,149.1665768,121.6114347,-0.156035036,-0.050729085
676,117.3646503,123.3506028,-0.182671354,0.104378405
677,52.97444565,122.1666577,-0.531350387,0.12165091
678,43.75663558,121.5135952,0.776772817,0.073738205
679,115.5273313,122.7405749,-0.716919356,-0.32666787
680,177.7923333,123.127991,0.304251378,-0.706051898
681,109.7915369,123.6280437,0.306435625,0.026362215
682,86.90693984,127.7254731,0.028125394,-0.023230676
683,128.8295099,127.5522856,-0.2047038,0.320374733
686,152.5612758,124.6872951,-0.212794863,-0.146383429
688,222.0409809,126.4518139,0.041615388,0.032812203
689,240.7314117,124.0984417,0.141723581,0.163392023
690,228.9168608,126.8797597,-0.261052205,-0.20554931
691,243.6460854,124.0650067,-0.278742472,0.588035822
692,211.205544,124.3860077,-0.149780148,-0.244145724
693,165.2585463,131.1276868,-0.259356661,0.011546504
694,218.0749134,124.4109347,-0.812828297,0.376058107
695,23.7776894,124.1316615,-0.828157675,-0.150771813
696,98.20697303,127.2166629,0.177193154,0.263602028
697,118.9455565,125.4183003,0.048742399,0.384596372
699,75.68509431,123.6364931,-0.795686722,0.624070108
700,176.1771223,127.6528768,-0.23659406,-0.302989261
701,236.8606045,128.6784024,-0.087490147,-0.021266995
702,156.3738755,126.2419876,-0.696144626,0.291562983
704,197.5704448,126.0896908,-0.19147258,0.051419478
705,19.03619817,126.8463923,0.082771811,0.404976234
706,208.5814518,126.5353913,-0.507520141,0.088755027
707,233.2234263,128.3226817,-0.002075518,-0.056821449
708,228.3619091,125.2925493,-0.295327196,2.109946782
709,237.4495648,129.0340016,-0.02659026,0.019436716
710,56.74930712,128.713693,0.023649539,-0.016441879
711,198.5753407,130.287472,0.061203449,-1.065212429
712,55.47814051,127.8971878,-0.061041867,-0.174431312
713,80.18648014,128.1825946,-0.047577941,-0.78711002
716,230.965,133.6266638,-0.378053738,-0.527856487
717,49.14433408,132.6327955,-0.60733922,-0.553917925
719,35.13475849,133.3753898,-0.008348002,-0.012703241
720,155.6001347,129.8561959,-0.128434808,-0.187910248
721,158.4074011,131.5496044,-0.280190678,-0.501804588
722,8.835922244,131.5468385,0.632420437,-0.904076869
723,178.263284,130.2275398,-0.158331704,-0.039181305
724,201.3693939,130.9744862,-0.020099061,0.041518911
725,110.2004121,131.3632022,0.07326134,-0.22240925
726,108.4307671,130.5387831,-0.344409062,-0.094821342
727,50.72287965,133.4103506,-0.039288777,-0.058416735
728,161.8656076,130.9056875,-0.019463845,-0.020656975
729,89.55773784,130.8825717,0.404276329,-0.205055402
730,32.59658621,131.8403904,-0.179229964,-0.579469379
731,11.97907252,134.8060222,-0.504408031,-0.177495405
732,115.8662261,131.7146111,0.667330697,-0.185931778
733,224.1937904,132.5960147,-0.450425855,-0.279908942
734,247.3795546,133.5909255,-0.085031629,-0.014052953
735,24.83980862,133.327575,0.102010451,0.075997911
737,225.0916291,132.6762895,-0.109531554,-0.748888731
738,73.4843667,133.0577826,0.679962465,-0.500195049
740,29.1462277,131.8753721,1.03608905,0.551356969
741,225.3210201,132.6389844,-0.214736346,0.157593921
742,171.0388133,133.2034859,-0.006693135,0.325812445
743,172.2612811,134.7230266,0.084383309,-0.098349962
744,113.9717953,136.3919213,0.042693458,-0.076964162
745,103.4829367,135.2618904,-0.191983376,-0.543496036
746,75.33144444,133.0551608,0.117370867,0.243474062
747,12.86589437,133.2195044,0.205138488,-0.652308923
749,94.66662742,133.8291048,0.025374967,-0.379390388
750,114.8771506,134.2112093,-0.505771501,0.333554762
751,116.9217464,134.7916891,0.031157031,0.058816944
752,224.6259321,134.138728,-0.505732445,-0.412912236
753,219.9363313,131.3332191,0.094186774,0.651732829
755,174.2070005,134.7094526,1.056322945,0.887197615
756,165.7303743,135.9574795,-0.179672313,-0.695406524
759,156.166286,136.4743686,-0.093811826,0.13220521
760,110.6919491,135.6359902,0.072502238,-0.14515387
761,187.3574468,133.5927709,-0.04504652,0.791937946
762,158.2677658,136.6625811,-0.35302013,-0.07754733
763,35.43148843,135.6896257,-0.30564571,0.433554648
764,25.91664277,135.921742,-0.39617986,0.083649648
766,192.2657574,138.5899844,0.296955337,-0.278276534
768,204.0429421,138.7044577,-1.245734283,-1.150759399
769,158.103521,137.4156433,-0.067607379,0.019389341
771,191.7198058,138.0166468,-0.183527094,-0.103877634
773,34.75834131,137.9502501,0.06738876,-0.072508012
775,245.2417281,133.5157487,-0.04120763,0.965375801
776,174.8102212,136.6488555,-0.41422962,0.32728483
777,59.84233012,140.7314384,-0.090264876,0.079889096
778,171.8331142,141.2365069,-0.202294321,-0.675927174
779,76.05960007,146.3696768,-0.169936302,-0.037705711
780,223.4863719,141.2349173,-0.080393179,-0.019082174
781,197.6137059,137.8140331,-1.672757294,0.107190409
782,241.0930006,137.4640375,-0.441020389,0.909277755
784,93.15535867,139.9988783,-0.244895323,-0.299451484
785,195.4274123,143.1942945,-0.398445257,-1.509824804
787,119.4456084,139.7084026,-0.021780532,-0.695703332
788,108.8690384,139.1191865,-0.101171094,-0.079376389
789,226.2268407,140.4314663,-0.67585755,-0.600695877
790,81.33769184,140.4290823,-0.248854393,-0.06632824
791,207.1972552,139.6916325,-1.123561707,-1.164049983
792,202.2144606,140.2294246,-0.328430395,-0.29861236
796,66.07052752,140.275937,-0.388027656,-0.922306058
797,241.4998836,141.3140379,-0.535076352,-0.66046185
798,119.3801712,141.2405433,0.783568858,-1.670020191
799,214.6622984,141.1493178,-1.262588449,-0.189293436
802,58.2556372,148.5349966,-0.108409516,-0.13773556
804,109.1789879,142.580463,0.22993415,-0.272318236
806,187.9411925,141.11813,-1.352865198,0.696263313
807,33.55267004,142.1894046,0.456605912,0.891834923
808,123.8296133,143.529708,-0.021619332,-0.220179018
809,60.10062908,143.4214441,0.380179977,-0.558149927
810,154.8992624,148.2882262,-0.448123094,-1.002738928
811,211.9718,142.4171701,-0.411547023,0.87718657
812,33.88359766,143.7067183,1.895871583,-1.189011016
813,91.10869407,140.8760676,-0.152464973,0.894990577
814,216.3225036,144.0797506,-1.944588941,-0.932557737
815,130.7621156,146.51464,0.069530359,-0.126212188
816,37.51032341,144.7591816,0.521001391,-0.854547985
818,61.86995506,144.4504328,-0.744477688,0.053020406
819,223.1595262,144.1794478,0.558062514,0.452655804
820,125.0076555,144.7914006,-0.426243366,-0.235419038
821,79.03330271,143.8710792,0.757065535,0.96377298
823,263.6532116,154.041904,-0.140534071,0.020708832
824,70.31361059,142.5859005,-0.15637483,1.345953063
825,46.59915848,148.0556947,0.362764278,-0.953352844
829,201.9775384,149.1363634,-0.318346874,-1.311588174
830,57.16307671,148.0507034,-0.291062052,-0.548761218
831,125.6700421,148.4924307,0.165607,0.221994666
832,191.8209388,149.3412584,0.686805708,-0.256791201
833,38.26046193,147.1755408,-0.912669198,0.168847209
835,256.3600132,147.694715,-0.240329777,0.489245705
836,131.9880993,147.9354793,-0.292484433,-0.377669261
837,90.68027747,147.5087157,-0.184377068,0.465678172
838,99.48559999,149.0548086,0.057262563,-0.04551968
839,166.313219,152.2493901,0.261231828,-0.021814503
840,164.6646954,148.4830555,1.005410778,0.216482003
841,208.9454808,147.6381818,0.5355838,0.692016312
842,70.62880498,148.2358872,0.221416905,0.583181515
843,100.6794737,148.6500657,1.423454171,-0.5001913
845,110.4392811,147.3348182,0.65291132,-0.344907041
846,131.5890523,148.7791483,0.186807422,-0.167714924
847,125.4460709,148.7583532,-0.077425603,0.462053239
848,244.7105013,154.7987103,0.156401957,-0.087199182
850,113.7111339,149.1134072,-0.552861803,0.294365788
852,172.1025632,149.2526019,0.040275607,0.606647255
853,111.7512176,152.5989676,-0.027121233,-0.129220648
854,207.6407219,152.0943359,-0.648397277,-0.519370836
855,79.28338763,152.0740733,0.617809759,-0.4905561
856,201.9690313,151.5857789,-0.008259008,-0.264499488
857,100.2489809,151.9952394,0.025701932,0.407900036
858,264.7577545,152.8209312,-1.139893822,0.906915789
860,230.0421798,152.0462877,-1.046237184,-0.385627856
861,200.8237206,151.6165983,-0.535057556,0.099665386
862,98.17363876,152.1151141,0.13122971,0.451277472
863,26.21915198,153.6934483,0.426328904,0.079423964
866,213.9176238,152.5968484,-0.459461722,0.168631402
867,122.1581512,152.7783741,0.256346637,0.052522285
868,216.5333869,153.787793,-0.347062061,-0.914462441
870,130.827164,154.9589692,0.76518628,-0.591507755
871,244.8627906,154.508593,-0.904744126,-0.158535147
873,165.5095062,155.2642941,0.221687001,0.014961319
875,117.4685326,154.1717132,-0.013400174,0.195776554
876,195.2896264,153.643516,-0.483992062,0.111630508
877,211.655954,154.676011,0.020956743,-0.518736776
878,260.0093209,155.3212328,-0.143380438,0.769429808
879,193.1655754,156.2786771,-0.767126388,-0.579841745
880,157.7216051,155.3355641,-0.303845536,0.104682082
881,196.7527518,157.997794,0.024530674,-0.035820968
882,228.9392642,159.6582737,0.052059708,0.205901346
883,181.3763558,155.7186865,0.403369329,-0.527734554
884,223.2573722,154.9443271,0.314386422,0.388680621
885,246.3913904,157.6189954,-0.055471909,0.019800835
886,165.9139101,158.5821086,-0.070351376,-0.023431658
887,224.2174719,157.4234954,-0.777816877,-1.418433106
888,158.9500864,156.4809147,0.497633259,-0.449631333
889,166.0611864,159.9394209,0.121252656,-0.020430635
890,31.25994041,155.3228945,-0.32307425,0.926650654
892,204.2028426,167.3807687,-0.244337979,0.042984358
893,253.146201,161.2435569,-0.143264488,-0.142184354
894,162.1766853,157.7465899,-0.087821028,0.228506481
896,29.55723092,157.4072266,0.471204292,0.504349549
897,219.5411076,157.9928464,-0.113499308,-1.0580271
898,187.8584898,157.7281777,-0.29122067,-0.17815357
900,254.1227892,159.9693919,0.744058699,-0.727736034
901,199.2771084,158.8508851,-0.413410206,-0.13881581
904,41.23372851,157.8911514,-0.491822381,0.708109693
905,21.56888544,162.1994909,0.293655655,-0.142082088
906,49.54038072,168.0371568,0.020552099,-0.024497935
907,131.3840768,159.2303757,0.298610416,-0.213928321
908,188.8274064,161.0966565,-0.169428284,-0.077599037
909,241.4186677,160.9915722,-1.453263109,-1.019046555
910,175.7437067,159.7967441,-0.093077898,0.66189315
911,99.64739634,161.5825026,0.290391482,-0.516414913
912,161.140146,160.9231981,-0.162721059,-0.741028822
914,102.9365184,161.4838312,0.428388342,0.026855602
915,93.39406315,160.0488632,1.111387453,0.213577153
916,172.0678078,160.8377147,0.285092492,0.130321225
917,185.8300172,161.7937942,0.034264453,-0.296778884
918,35.45238081,160.7757206,-0.338803273,0.17539858
919,84.51962479,159.8771394,0.456951884,0.202403166
920,85.05817853,164.1205515,0.134807891,0.402739839
923,40.55925247,160.8735968,-0.363524251,0.422057317
925,75.26817447,162.7409941,0.611511059,-1.311094111
926,86.92533684,163.7012705,0.148884982,0.061555263
927,77.22714722,161.7750741,-0.008588167,-0.2215981
928,46.17318289,172.019147,0.148725673,-0.236586485
931,97.48408002,164.1400583,-1.052638307,-0.8014344
932,34.95822006,165.1556451,0.1405671,-0.326854485
933,98.52317523,163.8503101,-0.683262868,0.47733704
934,76.23244116,164.8728834,0.202406834,-0.060899066
935,210.898245,168.8776616,-0.098200325,-0.640792606
936,186.0200068,165.3325563,-0.817575169,-0.534884906
937,180.8697913,164.6847772,-0.087293281,0.298349073
938,85.56638102,164.8149195,-0.128997238,-0.197523583
939,227.93022,165.641404,-0.264738975,-0.024874559
942,23.70181558,165.8548741,-0.139676625,-0.497302914
943,37.86156702,165.2219003,0.120454178,0.019247875
944,198.2731038,168.3239815,-0.070625274,-1.65945978
945,135.0796235,168.1244181,-0.078728928,0.056926992
947,152.0213594,168.2673191,0.031131072,-0.117378066
948,101.5408032,166.0538563,0.165105395,-0.242973391
949,136.6848505,169.4006352,-0.001630194,-0.117367053
950,174.5194623,166.1793489,-0.634965953,-2.080906275
951,172.6243088,165.5822199,-0.255314946,-0.428561153
952,253.5783682,166.8441568,-0.461533324,0.029741455
953,199.3256537,166.0045944,-1.47446552,-0.651711467
954,223.1979475,170.0601622,-0.078405919,0.155642077
957,60.03609193,167.0158513,-0.032013318,0.250337006
958,87.00463928,167.2753004,-1.224369414,-0.621631524
959,87.44577938,168.1887338,0.07193106,-0.170317681
960,27.33718424,167.2897986,0.123322393,0.437167291
961,147.1973408,168.7805748,0.132901693,0.113848467
962,221.707014,167.9227468,0.872905184,-1.01169618
963,172.4273923,167.9829056,-0.061878224,0.126375818
964,143.3292329,168.722181,-0.0290238,-0.447143014
966,245.6498496,172.4818696,0.44605968,-0.267862434
967,230.7524727,168.7271152,0.302267865,-0.330335062
968,109.541981,168.4608841,0.388543676,0.51558528
971,143.8400803,172.7271848,0.197631631,-0.15287952
972,35.24125309,168.8413153,-0.449237058,0.342481957
973,196.501706,169.4378121,-0.031963872,0.056360709
974,44.46615191,169.6573366,-1.154757762,-0.060719751
975,81.92869506,170.2542204,0.147737122,-0.050434854
976,177.6338102,174.032555,0.494408032,0.800353711
977,47.10917583,171.154675,0.122563156,-0.227764643
978,63.23505786,169.8814539,-0.815357576,-0.312604567
979,159.0072522,171.2540125,0.251977561,0.109798516
980,220.6990269,171.9673427,0.33585955,-0.36533991
982,247.4132544,172.354835,-0.594053095,0.074285264
983,110.8495678,171.0092629,-0.114400517,-0.30925926
984,75.05737226,171.0321628,0.101656074,-0.104547315
985,108.2080185,172.0815472,0.420258605,-0.208056544
986,162.3282077,175.7826518,-0.068497536,-0.473187466
987,239.3549285,171.1441096,-0.130585832,-0.121933427
988,171.0020726,175.9338596,-0.040525755,0.001842387
990,72.01272547,171.514752,-1.007653542,0.003735338
991,155.5307762,172.2639611,-0.122267721,-0.031165326
992,207.9502629,173.1082599,0.037750427,-0.175234415
993,154.4364032,172.1374861,-0.139651941,0.504066593
994,55.07518537,175.1236744,0.306197269,-0.070845626
995,67.61543104,174.915874,-0.08186137,0.164043984
996,40.60647478,172.6059831,0.328296305,-0.444729068
997,128.8073875,176.418083,0.321722341,-0.11093908
998,56.37987646,174.5389923,-0.423375634,0.027566133
1000,96.36239397,173.995351,-0.289877505,-0.903297226
1001,132.8622002,175.2252248,-0.358392988,-0.53668862
1004,229.1543182,174.1430753,0.013946014,0.346942395
1005,56.050502,176.5755065,0.036290069,-0.934892314
1006,178.9718443,174.7405715,-1.054625938,-0.617679423
1007,261.2243519,175.1982665,-0.205024124,-0.333378681
1008,74.00813246,173.8097846,0.442250046,0.420756702
1009,206.4086623,175.9069007,-0.058191244,-0.112079493
1010,167.9794461,176.3663321,-0.041418316,0.116178077
1011,234.8099182,179.3039672,-0.589412714,-1.006858555
1012,127.7728772,175.0065769,0.369139428,0.360556319
1014,198.1117719,176.2333162,-0.23545278,-0.195733239
1015,153.9226264,176.0812089,0.207088094,-0.679658669
1018,125.7556651,177.1311538,-0.095058774,-0.198461253
1019,167.128182,178.3776038,1.199855531,-0.19610384
1021,201.8386534,176.432873,0.194780842,-0.506598652
1023,217.7091536,174.5333638,0.084222737,0.793445507
1025,248.9815375,173.3311447,-1.029092086,-0.366872311
1026,91.38545138,177.5758101,-0.010066563,-0.398098581
1027,92.0777096,177.3274367,-0.264765654,0.251410416
1028,106.8208143,178.3349603,-0.19700691,-0.145754493
1029,250.4681416,182.2725313,0.149619622,-0.892769683
1030,221.8820663,177.7376955,-0.115061413,0.322974317
1031,221.9068493,178.8081792,-0.467098505,0.311710037
1032,166.0167125,179.0295716,0.300835315,0.497451246
1033,144.0408444,179.0649325,-0.241988487,-0.554947191
1034,72.25171439,180.2248656,1.541471149,-0.845686116
1036,244.3313074,179.9054187,0.482645006,0.264396495
1037,37.31439751,179.8225121,0.851761805,0.338537449
1038,134.1740053,180.1549854,0.281947581,0.193643342
1039,165.8282237,180.8825648,0.251838159,-1.404374378
1041,167.5311254,179.5827828,-0.455549423,1.04671787
1042,172.4551999,180.1294938,0.692890761,0.611998692
1043,172.8277767,180.5405998,0.048813623,0.224355166
1044,162.9690091,182.7516106,0.809472549,-0.453189904
1045,179.1180014,180.8540211,-1.061852072,-0.346135239
1046,187.6788907,183.7809013,-0.095168729,0.026943317
1047,175.8492798,180.7058802,-0.827866299,0.443882966
1048,179.3203017,181.0491781,-0.808959883,0.824092691
1049,72.92380919,182.5733464,-1.158900351,-0.199009392
1052,165.2788279,184.04104,-0.14967898,0.259861287
1054,87.41447475,182.8626867,0.029186919,0.642376029
1056,129.3502616,186.9434518,-0.103635532,-0.57379602
1057,215.4914487,188.4070102,-0.197301873,-0.310658829
1058,155.2789442,183.5415446,0.32547129,-1.103623879
1059,76.04645782,189.5361674,0.213773877,-0.519251106
1060,82.92661197,183.4256198,0.677755958,0.978758148
1061,179.5235405,183.7380435,0.057124404,0.319137939
1063,227.9053295,184.2668155,0.356066045,-0.167270667
1064,114.9773649,186.5318424,0.458456909,-1.741248699
1065,205.0940269,185.6357351,-0.06679182,-0.049236493
1066,49.88330508,185.0432754,-0.078143309,0.036390196
1067,185.3950756,185.6573656,0.043755754,-0.531367591
1068,119.4931494,184.975179,-0.140832069,-0.383970428
1069,203.71692,184.7198052,-0.809922073,0.039316133
1070,149.7998014,185.9669285,-0.431505487,-1.303980073
1071,160.1290378,186.4783098,-1.034243319,-0.793730394
1074,139.0736646,186.5120711,0.39969002,0.015740993
1075,233.8523268,185.3197152,-0.438159573,0.546641034
1076,48.78884987,186.4977344,-0.115817351,0.52545001
1077,105.8090036,188.2491928,0.257037204,-0.872320503
1079,173.6419848,192.5959033,-0.122499601,-0.125882926
1081,167.4332167,187.8924096,-0.033815015,-0.228615782
1082,105.0478527,188.2800118,0.879815357,-0.062696811
1083,207.3998829,187.9225787,-0.623094851,0.019953623
1084,169.1701099,189.1480347,-1.711270302,-0.931539771
1085,94.90084585,189.6973142,-0.361666428,-0.258012502
1086,133.0351651,190.1544777,-0.311162982,-0.172642886
1087,244.2775748,190.611811,-0.088821759,0.01103432
1088,182.3715932,189.0304551,-0.15778077,0.07585481
1089,137.4961766,189.177892,-0.520146201,0.062494128
1090,71.8932857,190.6955851,-0.386457622,-0.217534783
1091,203.8055824,190.226719,-0.221918525,-0.242465947
1093,61.47013479,191.8768097,-0.036204788,-0.126763017
1094,160.3808296,191.4775342,0.048295531,0.131473392
1095,195.6266606,192.4215365,-0.051864821,0.048519545
1097,80.23811302,190.7284932,-0.711772218,0.721785906
1100,178.6075914,193.7202274,0.205051831,-1.233692465
1101,160.3584484,192.4097995,-0.551673844,0.014132317
1102,67.47542043,193.9807838,-0.097842853,-0.127408842
1103,162.268448,194.2417634,0.100995105,-0.030918057
1104,64.95732117,191.8381457,1.282031305,1.592333275
1108,238.6241324,194.6248374,0.791367889,-0.165371329
1109,93.52038753,195.2247506,1.681605217,0.134697695
1110,221.2298723,196.0222035,-0.923726923,-1.573870182
1114,136.9475281,195.194767,-0.121794912,-0.055713903
1117,214.8853626,200.7615099,-0.15488755,0.005674467
1118,62.79338534,196.5430907,-0.070174368,-0.134827929
1120,141.8438558,195.58014,0.294677793,0.040879012
1121,197.5142892,196.3056092,-0.885581477,0.012835304
1122,138.9551135,199.9121189,-0.132507572,-0.46561239
1123,207.7132313,199.0012,0.09708441,-0.113226077
1124,93.84138966,196.8577203,-0.06248334,-0.676851449
1126,107.5958984,198.4472654,-0.073755292,0.317427181
1127,105.9629119,199.8670286,0.298347056,0.0605034
1128,85.26197207,199.2709701,-0.477230527,-0.373772072
1129,139.0606303,197.6885425,-0.225347993,-0.058330599
1130,112.0253966,198.7683204,0.340754972,-1.771218673
1131,59.01162802,198.0560541,1.032703438,-0.176833201
1133,194.5323739,199.3965663,-0.201714422,0.001755613
1134,169.1005994,199.0141103,-0.031867376,-0.089714621
1135,204.4578277,203.5595952,0.126650223,-0.521316531
1137,148.6842364,199.9482902,-0.113954706,-0.418380346
1138,69.99016795,201.3097027,0.059449716,-1.302280048
1139,205.1145977,200.0331992,-0.094642862,-0.650929267
1140,86.97121241,199.9336735,0.102913541,-0.927894297
1141,178.1285844,199.7659728,-0.315653024,0.006374687
1142,126.0341855,200.9987567,-0.126878893,0.039716347
1143,113.5073962,201.3451843,0.765697988,-1.965963087
1144,128.8757871,205.7340047,-0.267928231,-0.553361248
1146,123.1985578,203.7758788,-0.204127346,0.103808996
1150,96.02188133,204.1369481,-1.245270192,-0.901664907
1151,189.4461983,205.6014451,-0.150126485,-0.747827675
1152,101.2872004,203.762859,-0.73816946,0.572831288
1153,80.18071289,205.8928686,0.907333211,-0.152366108
1155,171.380077,207.4110549,-0.220637012,-0.888469749
1156,186.6684625,205.8685692,-0.076050222,0.415658623
1157,221.3634964,205.0083367,-0.555248691,0.435173639
1158,138.3116896,205.6698617,0.116373409,-0.189374599
1159,189.0365587,202.9637203,-0.179671746,0.311476317
1160,84.01968431,210.9904277,0.074343702,-0.083737805
1161,222.281214,205.6515585,-0.635637696,0.103260965
1164,136.9920163,206.7521784,-0.54957441,-0.058630912
1165,138.1476088,207.6673816,0.362657349,-0.064603847
1166,73.03636177,210.4116618,0.08243848,-0.002831964
1170,168.8116924,207.2954058,0.171783601,0.018034313
1171,212.4828938,207.9599054,0.249092321,-0.26906497
1172,167.7678556,209.7618479,0.25373889,-0.145128784
1173,113.8967432,209.0061987,0.043624183,-0.112378929
1174,220.0302672,208.7180526,-0.22825674,0.068024319
1175,71.25255604,209.7298589,-0.088866607,-0.098418134
1177,139.1782508,208.9535636,-0.712475368,-0.096855973
1179,72.71551005,208.963274,-1.832092251,0.309072466
1180,202.7552699,209.3986409,-0.370309981,-1.587748198
1181,159.2667096,211.2762793,0.424343344,-1.579877887
1182,206.015494,210.4338338,-0.355242949,0.406776634
1183,165.6539118,209.7652278,-0.937746141,-0.235171285
1184,79.30752397,210.9658773,0.650259748,-0.49822915
1185,61.93481804,210.0678636,0.198053968,0.171586265
1186,119.303352,211.765345,0.251626859,-0.3768415
1188,196.5051087,211.7404498,-0.981524096,-0.579823809
1189,157.582213,211.9719727,-0.224319959,0.179766644
1190,185.8143692,211.1951212,0.121396655,0.239007432
1191,197.896959,212.4783932,0.064133554,-0.014608663
1192,162.7640164,210.4532054,-1.133910621,0.233807882
1194,168.3637896,211.6585351,-1.948403902,-0.64191815
1195,122.9048648,211.0413261,0.443199784,-0.337175104
1197,183.0420819,212.4837842,-0.223936988,-0.094756206
1199,207.9723085,214.8500408,-0.897404187,0.14613027
1200,188.9047571,213.4294902,0.43439803,-0.720485643
1201,195.8598678,214.1605352,-1.237982324,-0.753263817
1202,125.4724557,213.2837202,0.660676814,-0.094920219
1203,152.3415115,214.3685023,0.073235482,0.056774019
1205,191.0124137,213.9527239,-0.397783906,0.344273749
1206,134.3292713,214.1562421,-0.042109923,0.429593497
1207,108.635508,215.1782237,-0.690030313,0.302713989
1208,110.2753243,216.5302915,0.069028549,0.082290975
1209,117.0885892,215.3569331,0.255905343,-0.381902515
1210,124.244871,215.3447477,-0.274132579,-0.268270778
1211,133.4683465,216.288327,-0.270036385,0.08057093
1212,211.5939269,212.3430055,0.115789566,0.933256868
1213,125.9755427,215.6474958,0.079352237,-0.147220386
1214,89.96895511,217.1361611,-0.666934602,-0.472872624
1215,130.709581,216.6042624,1.181619047,0.040669981
1217,204.6161751,216.9210073,-0.195842662,0.073109775
1218,178.9562566,216.446415,-0.665455886,-0.704683702
1220,77.25791718,218.0047694,0.100538989,0.113372085
1222,120.440727,217.100054,-1.238196899,0.511341847
1223,84.55075693,217.2809296,0.177364667,0.610263789
1224,102.8958042,220.1881972,-0.579023117,-0.927191064
1225,199.8826573,220.4088748,0.021264528,0.570954134
1227,153.7922962,220.5126885,-0.657693772,-0.263343974
1228,90.04590488,220.2489421,0.78788427,-0.263627143
1229,154.0346534,221.3871384,-0.450374433,-0.47243441
1230,73.49118631,223.8459127,-0.303639863,-0.726374467
1231,165.1745598,223.1980555,-0.104084627,0.048888615
1232,85.79665926,221.052011,-1.170771694,0.152330994
1233,94.97268669,227.3667472,-1.131425078,0.119520983
1234,67.75021502,223.3975041,-0.139986008,0.189855444
1235,144.6083689,228.8907785,-0.109311127,0.110093126
1236,170.833599,224.1536574,-0.192204335,-0.008852294
1237,172.1086096,223.904116,-0.54302005,0.276419197
1239,89.63927906,224.4740933,-0.411951149,-0.086090602
1240,148.1751837,225.4423112,-0.109483281,-0.411990882
1241,99.76989077,224.5248765,0.181090623,-0.196306908
1242,104.9945983,225.5420398,0.04527681,-2.044099269
1243,119.4147292,225.2236446,-0.827872985,-1.212564179
1244,151.2270079,227.7983361,0.231412943,-0.080302977
1247,161.7817585,229.281195,-0.362335038,-0.07348958
1248,176.4864556,227.2302712,0.09423827,-0.215539867
1249,83.06652513,228.0796763,1.455056968,-0.525302565
1250,166.0875016,230.0407743,0.628390382,0.155349621
1252,93.85547043,231.3292293,0.442144051,-0.252662552
1253,115.697517,235.4891624,-0.138257143,-0.284961931
1255,171.6207001,234.0924857,-0.2319705,-0.086626056
1257,102.7768531,231.0877773,-0.147221483,0.843884052
1258,175.505458,231.177842,-0.047930253,0.855558098
1259,150.6805225,231.6604754,-1.094096623,-0.492354754
1261,145.7378949,237.2031394,0.171556051,0.05556667
1262,175.16192,234.9981353,-0.268007838,-0.13823447
1263,170.9051865,236.3087976,0.286384475,-0.772036785
1264,141.6511436,236.8186552,-0.226975878,-0.114781343
1265,166.1660411,236.3941042,0.771901808,-0.002892067
1266,107.2300956,236.2268732,0.879377075,0.520572262
1267,120.9037812,239.0105527,-0.045336604,-0.0679693
1268,122.3114911,239.9519662,-0.512865263,-1.49302736
1269,157.2419954,236.1298876,-0.957314848,0.243568013
1271,138.7350082,246.3019234,-0.058438042,-0.039117127
1272,160.2340127,239.3635019,0.042507132,-1.72279423
1273,169.0570778,246.0777508,-0.017376356,0.018140724
1274,159.7687001,244.1759117,0.006732379,-0.046704221
1277,133.0011272,244.8087197,-0.033894732,-0.015377597
1278,123.2655443,239.1021629,-0.230687883,-0.079500935
1279,172.3671759,242.8976514,0.1456333,-0.07677245
1280,156.469481,242.376519,-0.079217172,-0.883191238
1282,109.5020382,245.4596947,0.285043194,-0.52648709
1283,114.5800772,251.234329,0.444639183,-0.352597305
1284,166.7229552,245.1439879,-0.504938244,-0.473446362
1285,139.4487005,246.198816,0.101201553,-1.007496607
1286,171.0725465,244.4362707,0.231587391,0.061553674
1287,145.7519077,244.2413512,-1.68879015,0.57728685
1288,95.91537676,246.5073673,-0.32907436,-0.680875104
1289,81.32401736,245.2440621,-0.074164947,-0.815739579
1291,155.4718869,246.034863,0.326838939,-1.070106656
1292,145.36712,245.4760256,0.653477992,-1.724574532
1293,128.4256584,247.0836615,-0.098220908,0.153242595
1296,158.3236366,249.9628678,0.006561549,-0.018188652
1297,160.3279661,246.2659979,0.011222104,0.483750755
1298,126.99276,247.74723,-0.459848421,0.385236203
1299,123.9264223,247.8996475,-0.622057781,0.583632149
1300,167.3926867,249.9228113,0.260446018,-0.461388059
1301,173.3383076,252.1796732,-0.723968961,-0.2934745
1304,127.408101,248.5853747,1.163068956,-1.278745958
1305,158.1434669,252.3343933,-0.093018057,0.171537457
1307,113.9610906,253.0804443,-0.718415491,-0.232303538
1309,162.4543132,254.8297686,0.366053874,-0.838513043
1310,122.9542691,255.3543215,0.34918121,-1.66748533
1312,152.7697933,261.6754718,-0.079721704,-0.125209149
1314,152.7270896,256.5540389,0.200213571,0.390879888
1315,120.8331852,257.7300332,0.223080422,-0.793514399
1316,132.1376307,258.0912321,1.833787345,-0.996047206
1317,129.9427796,262.0974812,0.013469245,-1.188141398
1319,155.4753395,260.025392,0.556043053,-0.719056088
1320,122.9989956,291.3604478,-0.28530207,-0.464703716
1322,145.9284627,267.4600602,-0.311893068,-0.475129486
1323,135.2804911,281.5608544,-0.110080712,-0.484549027
1326,139.6844707,265.1242091,0.151172867,-0.350557546
1327,122.9488029,262.2037396,0.377660901,0.51104004
1329,118.6003335,270.0778046,-0.037943839,-0.0857474
1332,138.305526,273.0353673,-0.157198419,-1.434315854
1333,124.9110003,260.5169352,-0.830625195,-0.139432011
1334,121.3398661,282.3996391,-1.945711562,-0.534048813
1335,131.0307655,276.7091531,0.102879318,0.180744796
1337,138.7585175,275.2851816,0.951253668,-0.272028074
1338,129.2279506,262.502715,-0.240763541,0.006822598
1344,114.995213,271.1865594,0.182998533,-0.03921564
1345,142.7928573,267.7314699,-0.75413557,-0.534431488
1346,120.3402719,286.1982819,-0.420136358,0.280098786
1347,120.4664483,287.9580116,-0.028906502,-0.224306617
1348,130.893118,276.0516966,-0.062953578,-0.791035612
1349,132.8575287,272.1485426,0.776021881,0.601597238
1350,111.9727581,273.1773809,-0.076450966,-1.073401434
1351,140.7696234,266.8346503,-0.202856364,-1.379240222
1352,127.7442415,270.5244504,-0.892177716,0.876609623
1353,118.5247652,264.8874583,0.752028299,-1.123484442
1354,125.3606681,286.4678233,-0.543092768,-0.140799945
1355,136.3631169,263.4495275,0.076841872,0.097524724
1356,140.9338188,263.5312033,0.323244839,1.089157153
1357,133.6748826,269.7173044,-0.283205196,-0.209046463
1358,119.7253352,271.529338,-0.80224521,-1.214609186
1359,138.9977374,260.8008252,-0.134892101,0.105913357
1360,103.4774982,264.789397,0.151473186,0.19024221
1361,128.8760246,269.445293,0.414744342,-0.339106124
1362,118.0262731,286.4271496,-0.456961699,0.199164374
