q,seed,ok,n_src,n_rec,matched,x,y,kappa_star,slope,rchi2
0.5,10000,True,100,1,True,0.5260427109413492,0.3324367441297663,0.2940586852940347,0.6369473736701063,1.0771075875522045
0.5,10001,True,98,1,True,1.1712666121921014,1.0203649176030436,0.2209544210068738,0.7049555853003346,1.077611107187247
0.5,10002,True,98,1,True,-0.026851600302265986,-0.17366826523916723,0.1950477050612016,0.7761069434096516,1.1378047316616713
0.5,10003,True,99,1,True,0.07623016188864795,0.4932534152059107,0.2050621122378188,0.7578963575138773,1.1128674665149385
0.5,10004,True,99,2,True,-0.31768919711649685,-0.16047755039219896,0.2281772834358475,0.7473863362233625,1.0878089754782592
0.5,10005,True,98,1,True,0.3818632813974314,0.09373760915019654,0.23893479046138547,0.6987192296684598,1.2338474149692653
0.5,10006,True,99,1,True,1.3531839086202022,0.028682104757577417,0.2766818647958341,0.6438259650607774,1.033324375921201
0.5,10007,True,98,1,True,-0.5317739273990669,-0.41217850334578265,0.2890943116242408,0.6433084833931978,1.0925566544111718
0.5,10008,True,99,1,True,2.244010609159893,1.1145923094809507,0.23897760201750526,0.6270707881677137,1.0497077555638576
0.5,10009,True,100,1,True,-0.1793168222647741,0.19336897575932155,0.4424660691826049,0.4925914837694838,0.9966643400671494
0.5,10010,True,99,1,True,-0.8625334489012947,0.058273726522627266,0.3230713409883354,0.5889098303011052,0.9498302112739772
0.5,10011,True,100,2,True,-1.2400743356022867,0.45713817922232025,0.40947865927397986,0.45734905441143087,0.9695985537443398
0.5,10012,True,98,1,True,-0.9761381664269014,-0.7239382552017891,0.29593424085635933,0.6354892295207251,1.0109013161426277
0.5,10013,True,100,2,True,-1.5396109420564854,-1.6614067790113833,0.23982635700864768,0.6649912135338615,1.0551685821610017
0.5,10014,True,98,1,True,0.11746229218656765,-0.008474006012704153,0.232618589309415,0.6768837923554829,1.1471424898847367
0.5,10015,True,99,1,True,1.0630563368262478,0.6039816810938419,0.20700475995626005,0.7719014933262516,1.0719783150898576
0.5,10016,True,99,1,True,0.6148469207684555,-0.05123626974510172,0.3111184982002095,0.5817591558343478,1.1162188741333188
0.5,10017,True,99,1,True,0.19847491363189593,0.15300738138587855,0.3312893228738444,0.5321152815692813,1.0037438033724675
0.5,10018,True,99,2,True,0.17663234112353865,0.14726155618852063,0.3210807004526965,0.5801262889319758,1.0631086109380132
0.5,10019,True,100,2,True,-1.97783145242785,-0.9281106721499623,0.16869489611689426,0.8642973338826555,1.065716612436352
0.5,10020,True,99,1,True,-0.5494153856874643,0.12908890978462653,0.12142443360158288,0.9873081220542701,1.0378362738895106
0.5,10021,True,97,1,True,0.09664085892968682,0.8474852389538456,0.26284275364561294,0.6529462078826626,1.0282627710311998
0.5,10022,True,99,1,True,-0.3395945191009782,0.1036390756267914,0.25058502336416655,0.6262344254632307,0.9980754224712627
0.5,10023,True,97,1,True,1.5251432065162218,0.881718120455552,0.23739429216802654,0.6973120834016727,0.9346841719083979
0.5,10024,True,100,1,True,-0.9987158707373136,-0.6821457518547926,0.24710920533338923,0.6950140790895849,0.945194358588805
0.5,10025,True,100,1,True,0.5391136407564233,1.2693510483377781,0.23429423039869088,0.6713903014921276,1.0560181721803534
0.5,10026,True,100,1,True,0.25868038685733385,-0.5836720773235085,0.290561380724536,0.6348336932330418,1.0042532711665473
0.5,10027,True,99,2,True,0.5884361968064693,0.2534983066257389,0.1772176921082589,0.7354734385996925,1.0533260577677066
0.5,10028,True,99,1,True,-0.06819744514170734,0.06866076768788291,0.29533905041145275,0.5801614033522955,1.1553302884736096
0.5,10029,True,100,1,True,0.9962432886848736,0.5872902592998265,0.1716972161909414,0.8092675091075964,1.1873628528708566
0.5,10030,True,99,1,True,0.0007177327799009869,0.9292472228295069,0.251663132987244,0.6782359616045447,0.9958260123631592
0.5,10031,True,98,1,True,-0.20097776664042605,0.6370071279205929,0.35279918740044275,0.5624288602641394,1.018498589479422
0.5,10032,True,99,1,True,-0.5678138461011167,-0.10919800659358352,0.3146748907886502,0.5980703606295059,1.2000625665319256
0.5,10033,True,99,1,True,0.902651101182856,0.5356148959782918,0.30428515721721755,0.6276644284289462,1.0088857252709251
0.5,10034,True,99,1,True,-0.07936983026396845,0.15374500906873034,0.1933887698844708,0.7907770378614016,1.1343473275999403
0.5,10035,True,99,1,True,0.342113817068742,-0.5174633921168037,0.35472226833343323,0.5831525340574644,1.1019349772784974
0.5,10036,True,99,1,True,0.7939966523216943,-0.3407900692944408,0.18951653262386242,0.7590647826730983,1.1219237531198578
0.5,10037,True,98,1,True,0.06581343887298907,0.47318538893556955,0.16578054326851865,0.8897056169992045,1.2507185618527603
0.5,10038,True,99,2,True,-0.12825601096689726,0.7845370686536424,0.24652962337073117,0.6749677125732445,0.9614026988576956
0.5,10039,True,100,1,True,-1.4493546388588756,-0.9519818626484507,0.23056707778467606,0.7020918877244509,1.0127963393148796
0.5,10040,True,98,1,True,-0.26898910010255545,-0.026184476316375452,0.24228638818570483,0.7203397237297502,0.9469556120213957
0.5,10041,True,100,3,True,-0.05686462857740304,-0.08238611757842877,0.14702837630165516,0.8815111881539306,0.9957091255835702
0.5,10042,True,99,1,True,-0.5211441170151495,-0.5380328128537648,0.31827744517377393,0.6176762837322695,1.2715014809867646
0.5,10043,True,100,1,True,-0.15529666750452634,-0.13282711690398175,0.20661905931132116,0.7632825689980389,0.9598944606469959
0.5,10044,True,99,1,True,-0.8206570600779662,0.6451101003872084,0.27191114121193977,0.6822801639352039,1.0051045725119552
0.5,10045,True,99,2,True,-0.029356325804199414,0.5866683854967514,0.2716325491919731,0.6957934586215935,1.0142037066664205
0.5,10046,True,99,1,True,-0.5334431759606822,-0.6289162313372928,0.25842006170338866,0.662173059472158,0.9512041463063206
0.5,10047,True,99,1,True,1.4310252295278274,1.424936056782005,0.3781371612256217,0.5304335963189736,1.0476406861852186
0.5,10048,True,98,1,True,0.6096554849580698,0.8211153470538914,0.386216507409888,0.5503314541864213,0.9779519989515801
0.5,10049,True,100,1,True,-1.391473433898684,-1.0688648369296243,0.18221042204648977,0.8082526564881751,0.9716837237314063
0.7,9000,True,99,2,True,-0.46321295875491864,-0.24651919786961268,0.14915438851139398,0.9099915404473541,0.9895093469663566
0.7,9001,True,100,1,True,-0.7832744855017291,-0.5304505515724203,0.34883068015726343,0.5846994593110075,1.121310709789297
0.7,9002,True,100,1,True,0.12846018805517345,0.181070077573141,0.32493253381865733,0.6130979474431135,0.9395546811293646
0.7,9003,True,99,1,True,-0.37727818211188024,-1.246230555270544,0.38178709373481573,0.5557709766438839,1.0423266652256256
0.7,9004,True,99,1,True,-0.8543990720964821,-0.5366843955046854,0.29627818595988875,0.6125828631827062,1.0322854833541408
0.7,9005,True,99,2,True,0.8089557569025205,0.5231060136706772,0.2591201035302591,0.6447475950656014,0.9927949486996199
0.7,9006,True,99,1,True,-0.022610872803978693,-0.004709239553228425,0.20155932811440194,0.764270598611754,1.023495296978429
0.7,9007,True,100,1,True,0.08148441432030006,0.0787914041124059,0.23412328285945044,0.722022450515339,0.8892295433257814
0.7,9008,True,99,1,True,0.05499753647522056,-0.3230505118535832,0.49093617293943204,0.40826249321313773,1.096278232225869
0.7,9009,True,99,1,True,0.2893111324922356,0.011867793344142988,0.250600814352964,0.6730449471327264,1.1068473768990845
0.7,9010,True,97,1,True,-0.7990064706757438,-1.1625672796657396,0.18227717105512062,0.8110688519722259,1.0384855699873028
0.7,9011,True,98,3,True,0.15918080818237945,0.237405500972948,0.18360883604192926,0.7805800690949521,1.0024063820456168
0.7,9012,True,97,2,True,-0.06188993002000873,0.1876765329070007,0.16055591849917464,0.8234283324227327,1.077709065110996
0.7,9013,True,100,1,True,-0.39509360406335026,-0.081984262077274,0.29578718115800773,0.6183329781233309,1.081436187588144
0.7,9014,True,96,2,True,-0.23393390320787627,0.3032004460832161,0.269721369151276,0.70071557593703,0.9619836613727738
0.7,9015,True,100,1,True,-0.453785779926558,-0.28851087074274134,0.2987584947771396,0.5949380979479097,1.023054864498041
0.7,9016,True,100,1,True,-0.12433926723881689,-0.07291983597685137,0.19872883647524775,0.7866203849239145,1.0335197070202542
0.7,9017,True,99,1,True,0.21629058548144053,0.44891513225342705,0.32661562533338895,0.5754413742956538,1.0015281080278022
0.7,9018,True,100,1,True,0.2609586262923702,0.13541308199409205,0.30781952926555095,0.6167829427285259,0.9229620702253499
0.7,9019,True,100,1,True,0.09865581940465282,-0.38081345878691497,0.252904196386177,0.6758156139309333,1.0172427771568957
0.7,9020,True,100,2,True,0.31656159308483567,0.0859238602805582,0.2813319184448688,0.650326400848089,1.0510837085923637
0.7,9021,True,99,1,True,0.3330788031977062,0.262831919693883,0.2779696297507758,0.6527729411627843,0.9307424851681584
0.7,9022,True,100,1,True,-0.052608545108330795,0.41681530971910824,0.14973640287137474,0.8926456195914669,1.0154880513456805
0.7,9023,True,97,1,True,0.16373324386400967,0.025982236005664787,0.18080200438266156,0.8144541174233367,1.0497059539586973
0.7,9024,True,98,1,True,-0.5054613040308329,-0.6950243005754076,0.281423676089108,0.633788618317114,0.9458268668679402
0.7,9025,True,99,1,True,-0.43528510529259273,-0.1752628695417004,0.1716154061557985,0.8693525903827346,1.094483735306788
0.7,9026,True,100,2,True,0.4628735250908566,0.059510029757281514,0.3990858201668281,0.5193733017668918,0.9835601837738229
0.7,9027,True,100,1,True,0.20874916146460903,1.221331671724715,0.30606366639788546,0.6200152683254432,0.9613089074879648
0.7,9028,True,97,2,True,-0.166837520150595,-0.5570792646020811,0.21162524074308836,0.7321985070151797,0.9702227875284003
0.7,9029,True,100,1,True,0.22446643857785237,0.003425865160417721,0.3057182433048307,0.6423553450404198,0.9909431368998813
0.7,9030,True,100,1,True,-0.14183919547025567,0.8440681599302043,0.3941019309509123,0.48933578131377864,1.0250092815601737
0.7,9031,True,100,1,True,0.19976252553942397,0.007809931183764284,0.2662820187824975,0.6940508246518464,1.0601467250448002
0.7,9032,True,100,1,True,-0.6946321830676014,-0.32023612407837254,0.46002049679927126,0.4338635341445106,1.0714481703191943
0.7,9033,True,100,1,True,0.6845793673411097,0.5712530316339706,0.19735609095658171,0.8118374007863094,1.1171850470745428
0.7,9034,True,99,1,True,0.24783201878021036,0.12523358511065752,0.37076200528242775,0.5618068083356482,1.0453144610815717
0.7,9035,True,99,1,True,0.1681148384787782,-0.14054040584790484,0.253470274539175,0.6930421827336593,1.0178141238916443
0.7,9036,True,100,1,True,0.2163897070808073,-0.21613982616022107,0.24149424389358803,0.6927495888162573,0.9962494263950874
0.7,9037,True,99,1,True,-0.5290800075200741,-0.011110969721558757,0.33978634465331387,0.6322506460513599,1.0003300770180603
0.7,9038,True,99,1,True,-0.3896677117891072,0.7848481944483683,0.1839216409560012,0.8538802092802731,1.0109301337842278
0.7,9039,True,100,1,True,0.030653469812773004,-0.0554909953206698,0.18602734056464074,0.8390073738352757,1.0116668096794605
0.7,9040,True,98,1,True,0.2571495455424161,0.23406775850644157,0.19766442230551987,0.7848873664192224,1.036322933020948
0.7,9041,True,100,1,True,0.23919600224079773,-0.33050100737319044,0.2557693457372041,0.6771040180853714,1.0079500716841494
0.7,9042,True,98,1,True,0.05751297387068737,-0.21834884316222414,0.3350677760585085,0.6071492194704887,1.0491590586119484
0.7,9043,True,100,2,True,0.4014499856301754,0.20624166342257366,0.1981915693555163,0.784267183595827,0.9472164931935002
0.7,9044,True,100,1,True,0.02429184801624068,0.10912004752078852,0.2297250568416029,0.7511314842031266,1.019037449348016
0.7,9045,True,99,2,True,-0.11833486146376354,0.7359658142852659,0.20443319544088553,0.7249456625545871,0.9179110553448854
0.7,9046,True,100,1,True,-0.19856870383358582,0.026980143878912698,0.27253638332865116,0.6425623564816294,1.0527265856229058
0.7,9047,True,100,1,True,-0.5310750292461008,-0.517004391250211,0.23072928889044053,0.6781204905321045,0.900013169408904
0.7,9048,True,97,1,True,0.23414736877437947,-0.0951281166751168,0.28426488934925825,0.6144379474244743,1.0634817653464326
0.7,9049,True,99,1,True,0.4818688809051696,0.36595204992553965,0.09784171573280197,1.0622540016398028,0.9772698006703304
0.9,8000,True,100,1,True,-0.2142317265335661,0.10397789908623564,0.2533862981231639,0.6660554644221417,0.9556155419186706
0.9,8001,True,100,1,True,0.39794965984674346,0.17449492048838133,0.28858159567224756,0.6576145624879796,1.0003831510002614
0.9,8002,True,96,1,True,-0.3954379056003034,-0.2075517614113996,0.29378828916829375,0.6509035749502586,1.0575494096688294
0.9,8003,True,100,1,True,-0.1919309290330472,-0.13856624997002534,0.22530208560731715,0.7148272158310931,0.9987059070418306
0.9,8004,True,99,1,True,0.2824399968078301,-0.5115411782486465,0.2757396696441578,0.6515996480327348,0.9226728821038978
0.9,8005,True,100,1,True,-0.6435992302188165,0.050249746725333944,0.246434253067079,0.6788545533762733,0.9924883600281016
0.9,8006,True,98,1,True,-0.290163465280954,-0.028092003535738454,0.2297883419952252,0.7262486016786855,0.9214397239921419
0.9,8007,True,100,1,True,-0.2715892067427122,0.04312382112965217,0.26967455608238755,0.6712274552827697,1.0915536760099829
0.9,8008,True,99,1,True,0.029167818957563273,-0.06658960384649573,0.2352801519380851,0.7292661438466784,0.9005888332122641
0.9,8009,True,99,1,True,0.4884830232595113,0.18520405500016834,0.21845523867699226,0.7492628279139321,0.9615393758430304
0.9,8010,True,100,1,True,0.17697355469666567,0.329351432205335,0.21196681392477262,0.800355054391361,1.0350173101616102
0.9,8011,True,100,1,True,0.4727275220444629,-0.15879559480546018,0.37383503757492925,0.5641715253247833,0.8980614335103265
0.9,8012,True,100,1,True,-0.28838730831916504,0.1362027478376616,0.23039843093878976,0.773392808629191,1.1051636760411863
0.9,8013,True,99,1,True,-0.2994882085578622,0.2842838567522827,0.2532517937238211,0.7147318042943711,1.0392295052243008
0.9,8014,True,100,1,True,-0.0451288435309843,-0.054506025516114144,0.2999743788733813,0.6444417425331128,1.078326452656442
0.9,8015,True,100,1,True,-0.10300169597987749,0.0718391441278888,0.27935663080373835,0.6737066637116353,0.9530908554288453
0.9,8016,True,98,1,True,0.396170969566916,0.2966981555769439,0.27671732988952924,0.6953573605043932,0.9619516828704519
0.9,8017,True,97,1,True,-0.162517458214709,0.2994580627324649,0.23211725513622,0.7171708599876452,1.0347233461468486
0.9,8018,True,100,1,True,0.19613947213821553,-0.038902052234217055,0.3173687234256476,0.6056065470773626,0.9861548588173311
0.9,8019,True,99,1,True,-0.2989244757576338,0.4269260492155616,0.2685710345556511,0.6834779090035816,0.8904242096219528
0.9,8020,True,99,1,True,-0.10168173503704514,-0.36396679337093063,0.33295845635541516,0.6291924860057225,1.042526553717083
0.9,8021,True,100,1,True,-0.00037594792625240893,-0.1386642497987943,0.23415301434750702,0.6777317155896397,1.0608265308771365
0.9,8022,True,100,1,True,-0.08171545839894494,-0.2485059714252199,0.3376250580468562,0.5864170361409191,0.9357991908643409
0.9,8023,True,100,1,True,-0.26643862189876105,-0.3596742864431334,0.2726439029237608,0.6600296485804462,0.9872738864194902
0.9,8024,True,100,1,True,-0.5285280653111792,0.16181344453219865,0.19238687694867448,0.7846654094945492,1.11471551782606
0.9,8025,True,100,1,True,-0.029784025684918836,-0.4004060243808636,0.28048710718114667,0.6908121595154562,1.0018820371547228
0.9,8026,True,99,2,True,-0.19839482391285473,-0.1529445751132108,0.18323594613428337,0.805353193424041,1.0204183809946668
0.9,8027,True,100,1,True,0.9533505119711176,0.7271680081268066,0.25258157658546954,0.7144366488182102,1.024018770630953
0.9,8028,True,99,1,True,-0.18701176000280065,-0.019894730296829012,0.21215718020281668,0.7500492349052961,1.029893178224587
0.9,8029,True,98,1,True,-0.4144327344966212,-0.13635193607725735,0.32242633070578997,0.6017009334072365,0.9609713094809889
0.9,8030,True,100,1,True,0.05867755580343264,-0.21095342595916158,0.20804447906961407,0.7885683981705538,1.010340762367373
0.9,8031,True,99,1,True,0.11781381695657728,0.1008933449774992,0.18964745940592664,0.7917645771945301,0.9778510614379005
0.9,8032,True,100,1,True,-0.2924664152083111,0.5270653017666402,0.3065390243223765,0.5999582631509336,1.0178327501386224
0.9,8033,True,100,1,True,0.17474774542008242,0.13396658417599527,0.28540159258870057,0.6487903522643286,1.007449745653821
0.9,8034,True,100,1,True,-0.09418696666814746,0.020850862200366586,0.2548707466349403,0.6814868956092512,0.9067822920672062
0.9,8035,True,100,1,True,-0.19449078422870614,0.32659701354334103,0.2858985226281572,0.6698791882807752,0.9137933309910985
0.9,8036,True,100,1,True,-0.02886479458638691,-0.3181652807915406,0.24208418639660284,0.7396940439355858,1.068125177918025
0.9,8037,True,98,1,True,0.18191667647077686,-0.04569679339930621,0.21545624578425188,0.7646753255126418,1.0612566982284684
0.9,8038,True,99,1,True,0.08588615392402346,-0.011463042690590316,0.2485781339323776,0.6881365467026529,1.0822527015984862
0.9,8039,True,99,1,True,0.008360727883997582,0.06455194646443807,0.23576901997177396,0.7092428609265218,0.9893721676753788
0.9,8040,True,99,2,True,0.11158549546877863,0.0894797071116032,0.11924625819715093,0.9481064623843625,0.9997738032939882
0.9,8041,True,100,1,True,-0.0822317704436154,-0.4077621427548166,0.26856761940194923,0.7058206873343154,1.0082782260764982
0.9,8042,True,99,1,True,0.002012898620395385,0.15669258051474189,0.18546130395481034,0.7751423956555167,1.0423286551682514
0.9,8043,True,100,1,True,-0.07176584625381038,-0.5447312880484676,0.5158104372084255,0.46487562063106236,0.9835804791896344
0.9,8044,True,99,1,True,0.5653579456781748,-0.5232447026225713,0.30319651559756505,0.6120776609909324,1.0220801716847
0.9,8045,True,99,1,True,0.039178086578852175,-0.1090537662622936,0.16984767646047907,0.8174870762135269,0.9651881309067377
0.9,8046,True,99,1,True,0.3069395508137721,0.6509973705277956,0.20292977289990502,0.7524017018300528,1.0225881649454693
0.9,8047,True,100,1,True,-0.05248982547316047,0.7336761831746903,0.2741730460675284,0.6592154785810711,1.0027491244161575
0.9,8048,True,98,1,True,0.17717278170912248,0.025039563911775253,0.2196286791770945,0.7343329650684567,1.0162385186195064
0.9,8049,True,100,1,True,0.16985903600556113,0.4287538571164404,0.32846900869068524,0.6054275984017259,1.0799542771689912
1.0,7000,True,99,2,True,-0.054933523984463106,-0.002771984683751492,0.4373678061620811,0.5243050463772383,0.9534407618984528
1.0,7001,True,100,2,True,0.0358938557622028,-0.20574446772588934,0.2474468809454446,0.6985998578309024,0.9587771028738166
1.0,7002,True,100,1,True,0.13902444357498606,0.1771018665469576,0.2600208464227622,0.6417436814384427,0.9251370512329881
1.0,7003,True,99,1,True,0.12280171852823887,0.2901274341830712,0.24197237840663033,0.6885643729581219,0.9520020301177605
1.0,7004,True,100,1,True,0.20480397795951036,0.0451084905625519,0.22334622455398434,0.7391184979409843,0.9918411691026703
1.0,7005,True,99,1,True,-0.1554930665095483,-0.04699834584570699,0.2699920953218231,0.6770222134526023,0.96726844192694
1.0,7006,True,100,1,True,-0.011459893740609862,0.13755883509947422,0.25367427755059707,0.6950056043252539,0.9872751589915673
1.0,7007,True,100,1,True,0.19151376157786043,-0.016710415020104362,0.25592176141075235,0.6983034461196775,0.9451444292921073
1.0,7008,True,100,1,True,-0.14681303284831645,0.08617105385719839,0.24321358422895512,0.7288373798889649,1.017234726372442
1.0,7009,True,99,1,True,0.23100678623416188,-0.49792002888126957,0.20006653745330433,0.790176254511244,1.0018652466119384
1.0,7010,True,99,1,True,-0.028336477202763832,0.06916550262777067,0.1871374472840678,0.7797585774055975,0.9838912074197183
1.0,7011,True,99,1,True,-0.03545715391544481,-1.6972905518933468,0.3803673691862958,0.5452270856330329,0.9806207801846826
1.0,7012,True,100,1,True,-0.16112897517631475,-0.11913458772288998,0.1809701048681592,0.8044143984814873,1.0653505827074767
1.0,7013,True,98,1,True,-0.21833532350244467,-0.11699770471523832,0.3414263429806585,0.606941094583997,1.0261625227267281
1.0,7014,True,100,2,True,-0.3607135312685071,1.1052844464495157,0.245628566654733,0.7028605681503366,0.9714920458883335
1.0,7015,True,98,3,True,0.1414889327341479,0.225944111451524,0.29082119240507587,0.6425140619802974,0.9760315230311531
1.0,7016,True,99,1,True,0.23595482746077187,0.1180561895616171,0.26186241322339077,0.6865572878604383,1.1590060476855704
1.0,7017,True,100,1,True,0.12868873693714258,0.16935601532095712,0.24691025048249163,0.7096458350098075,0.9857726590606112
1.0,7018,True,100,1,True,0.7210936509405943,-0.03296015349476308,0.2337765580207071,0.6689235600690009,0.9801748054603276
1.0,7019,True,99,2,True,0.4374034443710255,0.9482486737530693,0.16421710107640974,0.8440049003260015,0.914522737613599
1.0,7020,True,99,1,True,0.2978811687317095,-1.033584003823161,0.2525592705358271,0.731009614419825,1.001955116927961
1.0,7021,True,100,1,True,0.38002293923519503,0.05846253478910346,0.16948999951776528,0.8077284594195966,1.0426789611485128
1.0,7022,True,98,1,True,-0.0546784722318616,0.1651903658794823,0.23245791200686838,0.7384440049100894,0.957758371761856
1.0,7023,True,100,1,True,0.2757070487260668,-0.010333221802556625,0.3361328938928234,0.6059725498032763,1.0789067111654977
1.0,7024,True,100,1,True,0.193286234498449,0.2794777291024271,0.22417774169028212,0.7492031357035587,1.0779520103280615
1.0,7025,True,100,1,True,-0.39512847355352354,0.5790250643496083,0.2364535602507173,0.7330246123831554,1.0030595245121907
1.0,7026,True,99,1,True,-0.1417366756809561,0.1919863768585104,0.23347451409674597,0.7217475131204458,0.9585418860171133
1.0,7027,True,100,1,True,0.006637871500347982,-0.01604298250734236,0.16133429389521162,0.8243477931873263,0.9835721779498743
1.0,7028,True,100,1,True,0.004168634176310616,0.18422491895449083,0.22452054289572218,0.755960801758232,1.032624011298921
1.0,7029,True,99,1,True,0.2043093869842414,-0.25809320589685714,0.3701525545499089,0.5673004768738084,1.0449379393438079
1.0,7030,True,99,1,True,0.2117023526898458,0.22573153354022693,0.22456437544502655,0.7353014981942915,0.8950209284029276
1.0,7031,True,100,2,True,0.5709083426130691,0.26300400745586955,0.1360665516577404,0.9162873910971489,0.9979060414737927
1.0,7032,True,100,1,True,-0.040679611806332644,0.09652804790555898,0.32334606608750377,0.619048500485895,1.014202637678834
1.0,7033,True,98,1,True,0.07616941391756094,-0.1388239795346397,0.1833377442386121,0.7830273300794872,0.9543687200049982
1.0,7034,True,99,2,True,0.22677778091992312,0.07661121982185017,0.26958365649155563,0.6857948925653157,1.0509913024966353
1.0,7035,True,100,1,True,-0.3595010823328394,-0.5169262478431436,0.23609827010235807,0.7180613841918767,0.979358381986672
1.0,7036,True,99,1,True,-0.10452996307802438,-0.17031162826565457,0.19729554321024478,0.7689538928412287,1.0018207452948311
1.0,7037,True,100,1,True,0.13078574724513917,0.3501994971551036,0.19626402422960998,0.7722257413767487,0.9508297851958449
1.0,7038,True,100,1,True,0.4023143371887474,-0.9483245137835471,0.22891853645677898,0.7546413476703643,0.9539556952035565
1.0,7039,True,99,1,True,-0.1962721999211146,-0.2658655758858629,0.23301187005658835,0.7145884544985466,1.010953281644732
1.0,7040,True,100,2,True,-0.09279481378036417,0.27052685472521976,0.2416666893808282,0.7583839351778628,1.014738912165628
1.0,7041,True,100,1,True,-0.08691891184101311,0.26099649692316007,0.2328564562609546,0.6909086064616812,1.0762475366211322
1.0,7042,True,98,1,True,-0.27751968173414293,0.1233565071093663,0.33328986317837783,0.6236051817221606,0.920285523309327
1.0,7043,True,100,1,True,0.08077071975347007,-0.04156118268204884,0.16736228824496396,0.8266703775347968,0.9215551353664694
1.0,7044,True,99,1,True,0.04854089438180978,0.13113582177782532,0.23711105830878457,0.7145693348635425,0.945477599023133
1.0,7045,True,99,1,True,-0.6400726696952426,-0.3220227781194688,0.156128212159681,0.8104594800940466,0.9958619143788888
1.0,7046,True,98,1,True,-0.08800894379535841,-0.6858320685312161,0.2496506645583838,0.7196364906647986,0.9704254150258614
1.0,7047,True,100,2,True,-0.25920172422757437,-0.17677105329361467,0.24811645835144455,0.7000171527953054,1.0546068427129818
1.0,7048,True,100,1,True,-0.20086690790188588,0.03339414557342607,0.34703967335365177,0.5927205355159273,1.087784577703687
1.0,7049,True,100,1,True,-0.054496220918647545,0.5126914588255889,0.2817087157831416,0.6589130579495507,1.0282603320745267
