i,x,y,M200,concentration
292,13.742169163308816,108.23879254287402,1.9772864880671244e+16,2.2471777459720124
292,10.349261734312186,99.89305016459949,6699999813390006.0,2.4610304614453127
292,66.59099586993052,94.6176708213276,2974464429047919.0,2.6347592272711253
554,88.14281873622383,58.61620943793852,5847769072953796.0,2.4893163617586116
554,13.694061874554592,108.20021243190033,1.502896549434295e+16,2.2995625556051276
554,10.349261730165324,99.89305015583108,6699999845020439.0,2.4610304604693645
554,66.59099586993052,94.6176708213276,2791423426240398.5,2.6488533279364668
618,88.14281873622383,58.61620943793852,5847769072953796.0,2.4893163617586116
618,13.742169163308816,108.23879254287402,1.97779360565498e+16,2.247129340392687
618,10.349261734312186,99.89305016459949,6699999898690032.0,2.4610304588134047
618,66.59099586993052,94.6176708213276,3174171252276240.0,2.620416478891645
174,88.14281873622383,58.61620943793852,5847769072953796.0,2.4893163617586116
174,13.742169163308816,108.23879254287402,2.1065132486875604e+16,2.2352591393295302
174,10.349261734312186,99.89305016459949,6699999898690032.0,2.4610304588134047
174,66.59099586993052,94.6176708213276,2732944246746617.5,2.6535684002298603
402,88.14281873622383,58.61620943793852,5847769072953796.0,2.4893163617586116
402,13.742169163308816,108.23879254287402,1.624006634643701e+16,2.2846406325982906
402,10.349261734312186,99.89305016459949,6699999880487849.0,2.461030459375028
402,66.59099586993052,94.6176708213276,2134371803043170.0,2.7092469014879246
265,88.14281873622383,58.61620943793852,5847769072953796.0,2.4893163617586116
265,13.742169163308816,108.23879254287402,1.955393360008208e+16,2.2492804276161276
265,10.349261734312186,99.89305016459949,6699999898690032.0,2.4610304588134047
265,66.59099586993052,94.6176708213276,3074997934295897.0,2.6274127680123494
189,88.14281873622383,58.61620943793852,5847769072953796.0,2.4893163617586116
189,13.742169163308816,108.23879254287402,1.3049739747671632e+16,2.32700178370953
189,10.349261734312186,99.89305016459949,6699999898690032.0,2.4610304588134047
189,66.59099586993052,94.6176708213276,6281906115065299.0,2.474386802062328
652,88.14281873622383,58.61620943793852,5847769072953796.0,2.4893163617586116
652,13.742169163308816,108.23879254287402,1.8152421939141784e+16,2.263376315914652
652,10.349261734312186,99.89305016459949,6699999898690032.0,2.4610304588134047
652,66.59099586993052,94.6176708213276,3671121319716500.5,2.5885954157918563
361,88.14281873622383,58.61620943793852,5847769072953796.0,2.4893163617586116
361,13.742169163308816,108.23879254287402,1.2600025669830374e+16,2.333866829286031
361,10.349261734312186,99.89305016459949,6699999898690032.0,2.4610304588134047
361,66.59099586993052,94.6176708213276,2974747717718608.0,2.6347381498132703
839,88.14281873622383,58.61620943793852,5847769072953796.0,2.4893163617586116
839,13.742169163308816,108.23879254287402,2.1198642820280144e+16,2.234073179551459
839,10.349261734312186,99.89305016459949,6699999898690032.0,2.4610304588134047
839,66.59099586993052,94.6176708213276,3560122514161021.5,2.5952799786487084
119,88.14281873622383,58.61620943793852,5847769072953796.0,2.4893163617586116
119,13.742169163308816,108.23879254287402,3.436086423480823e+16,2.1452498932652753
119,10.349261734312186,99.89305016459949,6699999898690032.0,2.4610304588134047
119,66.59099586993052,94.6176708213276,3069092204031546.5,2.6278370834339104
819,88.14281873622383,58.61620943793852,5847769072953796.0,2.4893163617586116
819,13.742169163308816,108.23879254287402,2.0029519937699904e+16,2.244744655602431
819,10.349261734312186,99.89305016459949,6699999898690032.0,2.4610304588134047
819,66.59099586993052,94.6176708213276,2163695659322670.2,2.7061433168919318
432,13.742169163308816,108.23879254287402,1.9335578882453636e+16,2.251403145987649
432,10.349261734312186,99.89305016459949,6699999898690032.0,2.4610304588134047
432,66.59099586993052,94.6176708213276,2902277042300144.0,2.640202310915765
482,88.14281873622383,58.61620943793852,5847769072953796.0,2.4893163617586116
482,13.742169163308816,108.23879254287402,3.010231245565942e+16,2.1692264109319903
482,10.349261734312186,99.89305016459949,6699999895334278.0,2.461030458916946
482,66.59099586993052,94.6176708213276,3044877081728920.0,2.629586196560236
386,88.14281873622383,58.61620943793852,5847769072953796.0,2.4893163617586116
386,13.742169163308816,108.23879254287402,1.969491708671799e+16,2.247923473938463
386,10.349261734312186,99.89305016459949,6699999898690032.0,2.4610304588134047
386,66.59099586993052,94.6176708213276,2389306171925507.5,2.683690569173393
410,88.14281873622383,58.61620943793852,5847769072953796.0,2.4893163617586116
410,13.742169163308816,108.23879254287402,1.992492245618341e+16,2.245732136904912
410,10.349261734312186,99.89305016459949,6699999898690032.0,2.4610304588134047
410,66.59099586993052,94.6176708213276,3029417194852945.0,2.630710804036655
254,88.14281873622383,58.61620943793852,5847769072953796.0,2.4893163617586116
254,13.742169163308816,108.23879254287402,1.68252222398103e+16,2.2778575628665636
254,10.349261734312186,99.89305016459949,6699999898690032.0,2.4610304588134047
254,66.59099586993052,94.6176708213276,3248505622420555.0,2.615326096358341
646,88.14281873622383,58.61620943793852,5847769072953796.0,2.4893163617586116
646,13.742169163308816,108.23879254287402,1.9923855468012676e+16,2.2457422390315878
646,10.349261734312186,99.89305016459949,6699999898690032.0,2.4610304588134047
202,88.14281873622383,58.61620943793852,5847769072953796.0,2.4893163617586116
202,13.742169163308816,108.23879254287402,1.994763501747868e+16,2.2455172358626023
202,10.349261734312186,99.89305016459949,6699999898690032.0,2.4610304588134047
202,66.59099586993052,94.6176708213276,2464558526534206.0,2.676709154358306
816,88.14281873622383,58.61620943793852,5847769072953796.0,2.4893163617586116
816,13.742169163308816,108.23879254287402,2.8866955202428148e+16,2.176875489507867
816,10.349261734312186,99.89305016459949,6699999867437039.0,2.461030459777707
816,66.59099586993052,94.6176708213276,3239894302030366.0,2.615909294241467
148,88.14281873622383,58.61620943793852,5847769072953796.0,2.4893163617586116
148,13.742169163308816,108.23879254287402,1.9746548873619948e+16,2.247429154823851
148,10.349261734312186,99.89305016459949,6699999898689074.0,2.461030458813434
148,66.59099586993052,94.6176708213276,3986716972736798.5,2.5707247429447286
714,88.14281873622383,58.61620943793852,5847769072953796.0,2.4893163617586116
714,10.34926173121358,99.89305015807656,6699999859809265.0,2.4610304600130593
714,13.53173298659933,108.13299411820292,7153859013222053.0,2.447517918373117
714,66.59099586993052,94.6176708213276,3773341598721836.5,2.5826305099444067
334,88.14281873622383,58.61620943793852,5847769072953796.0,2.4893163617586116
334,13.742169163308816,108.23879254287402,1.747843915683653e+16,2.270581260785246
334,10.349261734312186,99.89305016459949,6699999894038926.0,2.461030458956913
334,66.59099586993052,94.6176708213276,2756114072538231.5,2.6516872949997325
339,13.742169163308816,108.23879254287402,2.5511593638383976e+16,2.199587860698144
339,10.349261734312186,99.89305016459949,6699999812915059.0,2.4610304614599667
339,66.59099586993052,94.6176708213276,3545485924558713.0,2.596178250693419
609,88.14281873622383,58.61620943793852,5847769072953796.0,2.4893163617586116
609,13.742169163308816,108.23879254287402,1.6058677282788538e+16,2.286797195385976
609,10.349261734312186,99.89305016459949,6699999898686662.0,2.461030458813509
1091,88.14281873622383,58.61620943793852,5847769072953796.0,2.4893163617586116
1091,13.742169163308816,108.23879254287402,2.617993472045309e+16,2.194814964746216
1091,10.349261734312186,99.89305016459949,6699999898690032.0,2.4610304588134047
1091,66.59099586993052,94.6176708213276,2154340154233603.8,2.707128508708474
1030,88.14281873622383,58.61620943793852,5847769072953796.0,2.4893163617586116
1030,13.742169163308816,108.23879254287402,1.421705827395951e+16,2.3103152944294747
1030,10.349261734312186,99.89305016459949,6699999898690032.0,2.4610304588134047
913,88.14281873622383,58.61620943793852,5847769072953796.0,2.4893163617586116
913,13.742169163308816,108.23879254287402,3.5588988203271264e+16,2.138930915928943
913,10.349261734312186,99.89305016459949,6699999898690032.0,2.4610304588134047
913,66.59099586993052,94.6176708213276,3412352180308310.5,2.604538301827293
436,88.14281873622383,58.61620943793852,5847769072953796.0,2.4893163617586116
436,13.742169163308816,108.23879254287402,1.992443242352531e+16,2.2457367764074183
436,10.349261734312186,99.89305016459949,6699999898690032.0,2.4610304588134047
436,66.59099586993052,94.6176708213276,2826045321518107.5,2.646112018620436
195,88.14281873622383,58.61620943793852,5847769072953796.0,2.4893163617586116
195,13.742169163308816,108.23879254287402,1.9978921722972156e+16,2.2452216421766193
195,10.349261734312186,99.89305016459949,6699999898690032.0,2.4610304588134047
195,66.59099586993052,94.6176708213276,2735925049687529.0,2.653325428665513
502,88.14281873622383,58.61620943793852,5847769072953796.0,2.4893163617586116
502,13.742169163308816,108.23879254287402,1.954940406215727e+16,2.249324199696274
502,10.349261734312186,99.89305016459949,6699999867868412.0,2.4610304597643973
213,88.14281873622383,58.61620943793852,5847769072953796.0,2.4893163617586116
213,13.742169163308816,108.23879254287402,1.9925747614633092e+16,2.245724324797548
213,10.349261734312186,99.89305016459949,6699999898690032.0,2.4610304588134047
213,66.59099586993052,94.6176708213276,2767511196563139.5,2.6507682685675986
205,88.14281873622383,58.61620943793852,5847769072953796.0,2.4893163617586116
205,13.742169163308816,108.23879254287402,1.910230756632001e+16,2.2536997765382822
205,10.349261734312186,99.89305016459949,6699999898687676.0,2.4610304588134775
205,66.59099586993052,94.6176708213276,3320895503813248.0,2.6104887983035936
717,88.14281873622383,58.61620943793852,5847769072953796.0,2.4893163617586116
717,13.742169163308816,108.23879254287402,1.9817595823718612e+16,2.2467512419079116
717,10.349261734312186,99.89305016459949,6699999898685291.0,2.461030458813551
717,66.59099586993052,94.6176708213276,2735429000368924.0,2.6533658427875157
941,88.14281873622383,58.61620943793852,5847769072953796.0,2.4893163617586116
941,13.742169163308816,108.23879254287402,1.992733271994603e+16,2.2457093189509956
941,10.349261734312186,99.89305016459949,6699999898690032.0,2.4610304588134047
941,66.59099586993052,94.6176708213276,3192062723757469.0,2.6191795586663567
182,88.14281873622383,58.61620943793852,5847769072953796.0,2.4893163617586116
182,13.742169163308816,108.23879254287402,2.152427845018954e+16,2.2312142198704197
182,10.349261734312186,99.89305016459949,6699999898690032.0,2.4610304588134047
182,66.59099586993052,94.6176708213276,2255228563288711.0,2.696741163305449
565,88.14281873622383,58.61620943793852,5847769072953796.0,2.4893163617586116
565,13.742169163308816,108.23879254287402,1.9747308339724624e+16,2.2474218942084105
565,10.349261734312186,99.89305016459949,6699999895950466.0,2.461030458897933
565,66.59099586993052,94.6176708213276,3121389931032839.5,2.6241100076224066
1047,88.14281873622383,58.61620943793852,5847769072953796.0,2.4893163617586116
1047,13.742169163308816,108.23879254287402,2.1783658828947076e+16,2.2289703023499885
1047,10.349261734312186,99.89305016459949,6699999898690032.0,2.4610304588134047
1047,66.59099586993052,94.6176708213276,2887353669489826.0,2.6413458673768555
439,88.14281873622383,58.61620943793852,5847769072953796.0,2.4893163617586116
439,13.742169163308816,108.23879254287402,1.9931154560141824e+16,2.2456731437429194
439,10.349261734312186,99.89305016459949,6699999860706266.0,2.461030459985383
439,66.59099586993052,94.6176708213276,2082239927331223.0,2.7148803050495234
685,88.14281873622383,58.61620943793852,5847769072953796.0,2.4893163617586116
685,13.642530173017796,108.2145491298171,1.0556589257304622e+16,2.368815778604359
685,10.349261734312186,99.89305016459949,6699999898690032.0,2.4610304588134047
685,66.59099586993052,94.6176708213276,2907439585112864.5,2.6398081959718014
1003,88.14281873622383,58.61620943793852,5847769072953796.0,2.4893163617586116
1003,13.742169163308816,108.23879254287402,1.923764675984199e+16,2.252363641447659
1003,10.349261734312186,99.89305016459949,6699999898681674.0,2.4610304588136627
1003,66.59099586993052,94.6176708213276,2022661115651224.0,2.72150871317186
1003,124.24736687553786,64.49948098301114,2619497656308347.5,2.663035515535859
744,88.14281873622383,58.61620943793852,5847769072953796.0,2.4893163617586116
744,13.742169163308816,108.23879254287402,1.9925390634818956e+16,2.2457277044261765
744,10.349261734312186,99.89305016459949,6699999898690032.0,2.4610304588134047
744,66.59099586993052,94.6176708213276,2928896773510379.0,2.638178217013141
124,88.14281873622383,58.61620943793852,5847769072953796.0,2.4893163617586116
124,13.742169163308816,108.23879254287402,2.020894927341742e+16,2.2430636527851697
124,10.349261734312186,99.89305016459949,6699999898690032.0,2.4610304588134047
124,66.59099586993052,94.6176708213276,2653920007224515.0,2.6601167268361214
347,13.742169163308816,108.23879254287402,1.9460888778837612e+16,2.250181798002268
347,10.349261734312186,99.89305016459949,6699999898686497.0,2.461030458813514
347,66.59099586993052,94.6176708213276,3293461006564574.5,2.6123084754225694
595,88.14281873622383,58.61620943793852,5847769072953796.0,2.4893163617586116
595,13.742169163308816,108.23879254287402,2.689194985548427e+16,2.1898733531945958
595,10.349261734312186,99.89305016459949,6699999898690032.0,2.4610304588134047
595,66.59099586993052,94.6176708213276,2742368254389605.0,2.6528012084743517
1017,88.14281873622383,58.61620943793852,5847769072953796.0,2.4893163617586116
1017,13.742169163308816,108.23879254287402,1.9931780263237588e+16,2.24566722193538
1017,10.349261734312186,99.89305016459949,6699999898690032.0,2.4610304588134047
1017,66.59099586993052,94.6176708213276,3590818031082231.5,2.5934090752494328
1071,88.14281873622383,58.61620943793852,5847769072953796.0,2.4893163617586116
1071,10.349261734312186,99.89305016459949,6699999898690032.0,2.4610304588134047
1071,66.59099586993052,94.6176708213276,2929905646814963.0,2.6381018976192885
8,88.14281873622383,58.61620943793852,5847769072953796.0,2.4893163617586116
8,13.742169163308816,108.23879254287402,1.9904036050259804e+16,2.2459299937911976
8,10.349261734312186,99.89305016459949,6699999894216671.0,2.461030458951429
8,66.59099586993052,94.6176708213276,3153343336332870.0,2.621865964543802
549,88.14281873622383,58.61620943793852,5847769072953796.0,2.4893163617586116
549,13.687017503882998,108.23507750403797,3.1943328763239644e+16,2.1584368020104456
549,10.349261734312186,99.89305016459949,6699999898690032.0,2.4610304588134047
549,66.59099586993052,94.6176708213276,3056367248627775.0,2.62875436302323
1051,88.14281873622383,58.61620943793852,5847769072953796.0,2.4893163617586116
1051,13.667980909693284,108.19540981702693,1.3375099111341272e+16,2.3221930603976126
1051,10.349261734312186,99.89305016459949,6699999898690032.0,2.4610304588134047
1051,66.59099586993052,94.6176708213276,3257937801539798.5,2.6146892261539905
597,88.14281873622383,58.61620943793852,5847769072953796.0,2.4893163617586116
597,13.742169163308816,108.23879254287402,1.9610800103542536e+16,2.2487318203308924
597,10.349261734312186,99.89305016459949,6699999898690032.0,2.4610304588134047
597,66.59099586993052,94.6176708213276,3444265530250273.0,2.602502498410141
867,88.14281873622383,58.61620943793852,5847769072953796.0,2.4893163617586116
867,13.742169163308816,108.23879254287402,1.432217028949978e+16,2.308886208714686
867,10.349261734312186,99.89305016459949,6699999898690032.0,2.4610304588134047
867,66.59099586993052,94.6176708213276,3970539998238026.0,2.5716029027241887
341,88.14281873622383,58.61620943793852,5847769072953796.0,2.4893163617586116
341,13.742169163308816,108.23879254287402,2.053813461512883e+16,2.240021299867884
341,10.349261734312186,99.89305016459949,6699999898686744.0,2.4610304588135063
341,66.59099586993052,94.6176708213276,3249258426800088.0,2.615275192687196
341,124.41360461792152,64.75752588593093,2943058679414011.0,2.637109493842669
895,88.14281873622383,58.61620943793852,5847769072953796.0,2.4893163617586116
895,13.742169163308816,108.23879254287402,1.9727141456504292e+16,2.247614795556411
895,10.349261734312186,99.89305016459949,6699999898636183.0,2.4610304588150664
895,66.59099586993052,94.6176708213276,1977895189639719.5,2.7266299236043308
699,88.14281873622383,58.61620943793852,5847769072953796.0,2.4893163617586116
699,13.742169163308816,108.23879254287402,2.062622667919281e+16,2.23921610790649
699,10.349261734312186,99.89305016459949,6699999898690032.0,2.4610304588134047
699,66.59099586993052,94.6176708213276,3101056751858894.5,2.6255509817497913
633,88.14281873622383,58.61620943793852,5847769072953796.0,2.4893163617586116
633,13.742169163308816,108.23879254287402,1.6187910445118166e+16,2.2852580371539752
633,10.349261734312186,99.89305016459949,6699999898690032.0,2.4610304588134047
633,66.59099586993052,94.6176708213276,3035766079849801.5,2.6302482122752924
785,88.14281873622383,58.61620943793852,5847769072953796.0,2.4893163617586116
785,13.742169163308816,108.23879254287402,2.0573436682655804e+16,2.239698178055178
785,10.349261734312186,99.89305016459949,6699999898690032.0,2.4610304588134047
785,66.59099586993052,94.6176708213276,3099597220639315.0,2.6256548096868566
1018,88.14281873622383,58.61620943793852,5847769072953796.0,2.4893163617586116
1018,13.742169163308816,108.23879254287402,1.9928530415922656e+16,2.2456979814823614
1018,10.349261734312186,99.89305016459949,6699999827895332.0,2.4610304609977547
1018,66.59099586993052,94.6176708213276,2601536732963132.0,2.664575036343918
318,88.14281873622383,58.61620943793852,5847769072953796.0,2.4893163617586116
318,13.742169163308816,108.23879254287402,1.992249811388494e+16,2.2457550911588013
318,10.349261734312186,99.89305016459949,6699999898690032.0,2.4610304588134047
318,66.59099586993052,94.6176708213276,3761048733813306.0,2.583338515164437
318,124.51972268835442,64.61128890036265,6569002347975647.0,2.465115773396882
94,88.14281873622383,58.61620943793852,5847769072953796.0,2.4893163617586116
94,13.742169163308816,108.23879254287402,3.0250880280937236e+16,2.168329499087
94,10.349261734312186,99.89305016459949,6699999895286184.0,2.4610304589184295
94,66.59099586993052,94.6176708213276,4291773401438285.0,2.5548522049038835
510,88.14281873622383,58.61620943793852,5847769072953796.0,2.4893163617586116
510,13.742169163308816,108.23879254287402,1.9823715072141364e+16,2.246692976777732
510,10.349261734312186,99.89305016459949,6699999898690032.0,2.4610304588134047
690,88.14281873622383,58.61620943793852,5847769072953796.0,2.4893163617586116
690,13.742169163308816,108.23879254287402,1.6550779280731174e+16,2.2810064959684513
690,10.349261734312186,99.89305016459949,6699999896749689.0,2.4610304588732737
690,66.59099586993052,94.6176708213276,3041687778560032.0,2.629817690378665
186,88.14281873622383,58.61620943793852,5847769072953796.0,2.4893163617586116
186,13.742169163308816,108.23879254287402,1.9931876587307384e+16,2.245666310318661
186,10.349261734312186,99.89305016459949,6699999898690032.0,2.4610304588134047
186,66.59099586993052,94.6176708213276,3204182191465621.0,2.618345945790484
107,88.14281873622383,58.61620943793852,5847769072953796.0,2.4893163617586116
107,13.742169163308816,108.23879254287402,1.9922470953242784e+16,2.2457553483394217
107,10.349261734312186,99.89305016459949,6699999898690032.0,2.4610304588134047
107,66.59099586993052,94.6176708213276,2816933656349501.0,2.646829922186687
720,88.14281873622383,58.61620943793852,5847769072953796.0,2.4893163617586116
720,13.698124942713562,108.2169867025268,1.3456162176405236e+16,2.3210146931949773
720,10.349261734312186,99.89305016459949,6699999898685291.0,2.461030458813551
720,66.59099586993052,94.6176708213276,2836296280907254.5,2.64530734384767
786,88.14281873622383,58.61620943793852,5847769072953796.0,2.4893163617586116
786,13.742169163308816,108.23879254287402,2.0871702162567164e+16,2.2369918954042487
786,10.349261734312186,99.89305016459949,6699999898689292.0,2.4610304588134273
786,66.59099586993052,94.6176708213276,2709003641769542.0,2.655530330699029
495,88.14281873622383,58.61620943793852,5847769072953796.0,2.4893163617586116
495,13.742169163308816,108.23879254287402,2.105151039601712e+16,2.2353806009306676
495,10.349261734312186,99.89305016459949,6699999621894903.0,2.461030467353839
779,88.14281873622383,58.61620943793852,5847769072953796.0,2.4893163617586116
779,13.742169163308816,108.23879254287402,1.9925381165419424e+16,2.245727794076547
779,10.349261734312186,99.89305016459949,6699999898690032.0,2.4610304588134047
779,66.59099586993052,94.6176708213276,3073289560825293.5,2.627535420507396
483,88.14281873622383,58.61620943793852,5847769072953796.0,2.4893163617586116
483,13.742169163308816,108.23879254287402,2.0645947267263876e+16,2.239036365558921
483,10.349261734312186,99.89305016459949,6699999898288174.0,2.461030458825804
483,66.59099586993052,94.6176708213276,3197387412607689.0,2.618812888983186
307,88.14281873622383,58.61620943793852,5847769072953796.0,2.4893163617586116
307,13.742169163308816,108.23879254287402,2.015353748170345e+16,2.243581051700411
307,10.349261734312186,99.89305016459949,6699999898690032.0,2.4610304588134047
307,66.59099586993052,94.6176708213276,2688124183623399.5,2.6572568060129975
95,88.14281873622383,58.61620943793852,5847769072953796.0,2.4893163617586116
95,13.742169163308816,108.23879254287402,1.9824427596707896e+16,2.2466861936600937
95,10.349261734312186,99.89305016459949,6699999745155673.0,2.4610304635506632
95,66.59099586993052,94.6176708213276,2325144543854880.5,2.6898339781070075
78,88.14281873622383,58.61620943793852,5847769072953796.0,2.4893163617586116
78,13.742169163308816,108.23879254287402,1.9806567977003276e+16,2.246856294082553
78,10.349261734312186,99.89305016459949,6699999898690032.0,2.4610304588134047
78,66.59099586993052,94.6176708213276,3089721352503640.5,2.6263587534030046
579,88.14281873622383,58.61620943793852,5847769072953796.0,2.4893163617586116
579,10.349261734312186,99.89305016459949,6699999894302474.0,2.4610304589487817
579,66.59099586993052,94.6176708213276,2656583549417117.0,2.659892588784862
1097,88.14281873622383,58.61620943793852,5847769072953796.0,2.4893163617586116
1097,13.742169163308816,108.23879254287402,1.9169565125429524e+16,2.253034498678186
1097,10.349261734312186,99.89305016459949,6699999898690032.0,2.4610304588134047
1097,66.59099586993052,94.6176708213276,3515136996826529.0,2.5980536925902546
877,88.14281873622383,58.61620943793852,5847769072953796.0,2.4893163617586116
877,13.742169163308816,108.23879254287402,1.7762048688653088e+16,2.267513361810343
877,10.349261734312186,99.89305016459949,6699999898690032.0,2.4610304588134047
877,66.59099586993052,94.6176708213276,2972727716417096.0,2.6348884910578163
911,88.14281873622383,58.61620943793852,5847769072953796.0,2.4893163617586116
911,13.742169163308816,108.23879254287402,2.346856981621459e+16,2.2150645934228876
911,10.349261734312186,99.89305016459949,6699999898690032.0,2.4610304588134047
911,66.59099586993052,94.6176708213276,3796951778300118.0,2.5812776720001698
1063,88.14281873622383,58.61620943793852,5847768231594831.0,2.489316391843647
1063,13.742169163308816,108.23879254287402,2.780360401720898e+16,2.183749304573681
1063,10.349261734312186,99.89305016459949,6699999736848104.0,2.4610304638069906
1063,66.59099586993052,94.6176708213276,3941468905776056.5,2.5731908050220476
606,88.14281873622383,58.61620943793852,5847769072953796.0,2.4893163617586116
606,13.742169163308816,108.23879254287402,1.9342833603836292e+16,2.251332203271784
606,10.349261734312186,99.89305016459949,6699999898690032.0,2.4610304588134047
43,88.14281873622383,58.61620943793852,5847769072953796.0,2.4893163617586116
43,13.742169163308816,108.23879254287402,1.9780321694208644e+16,2.24710657356721
43,10.349261734312186,99.89305016459949,6699999898690032.0,2.4610304588134047
43,66.59099586993052,94.6176708213276,3095271304049746.0,2.6259628577656056
366,88.14281873622383,58.61620943793852,5847769072953796.0,2.4893163617586116
366,13.742169163308816,108.23879254287402,1.992488178129927e+16,2.2457325219994906
366,10.349261734312186,99.89305016459949,6699999898684058.0,2.461030458813589
366,66.59099586993052,94.6176708213276,3243258421610574.5,2.615681260956204
507,88.14281873622383,58.61620943793852,5847769072953796.0,2.4893163617586116
507,13.742169163308816,108.23879254287402,2.16792381223076e+16,2.2298701521121997
507,10.349261734312186,99.89305016459949,6699999898690032.0,2.4610304588134047
507,66.59099586993052,94.6176708213276,3059480428100283.5,2.628529567191606
864,88.14281873622383,58.61620943793852,5847769072953796.0,2.4893163617586116
864,13.742169163308816,108.23879254287402,1.993393699736718e+16,2.2456468116189785
864,10.349261734312186,99.89305016459949,6699999890294742.0,2.4610304590724392
864,66.59099586993052,94.6176708213276,3272372550160063.5,2.6137184371812974
940,88.14281873622383,58.61620943793852,5847769072953796.0,2.4893163617586116
940,13.742169163308816,108.23879254287402,2.450316619522519e+16,2.2070522069947565
940,10.349261734312186,99.89305016459949,6699999898690032.0,2.4610304588134047
940,66.59099586993052,94.6176708213276,2757834296164143.5,2.6515483181588433
672,88.14281873622383,58.61620943793852,5847769072953796.0,2.4893163617586116
672,13.742169163308816,108.23879254287402,1.9925429297516436e+16,2.2457273383923404
672,10.349261734312186,99.89305016459949,6699999608954177.0,2.461030467753121
672,49.163524433456075,106.28351544341352,5478501046822201.0,2.502993286330035
1012,88.14281873622383,58.61620943793852,5847769072953796.0,2.4893163617586116
1012,13.742169163308816,108.23879254287402,1.9831004254289376e+16,2.2466235974270274
1012,10.349261734312186,99.89305016459949,6699999898686497.0,2.461030458813514
1012,66.59099586993052,94.6176708213276,3381724258259455.5,2.606511608318199
1008,88.14281873622383,58.61620943793852,5847769072953796.0,2.4893163617586116
1008,13.742169163308816,108.23879254287402,1.9929068626290696e+16,2.245692886988262
1008,10.349261734312186,99.89305016459949,6699999898690032.0,2.4610304588134047
1008,66.59099586993052,94.6176708213276,3099369070013700.0,2.625671044625193
24,88.14281873622383,58.61620943793852,5847769072953796.0,2.4893163617586116
24,13.742169163308816,108.23879254287402,2.7265495896927544e+16,2.1873372347602857
24,10.349261734312186,99.89305016459949,6699999898690032.0,2.4610304588134047
24,66.59099586993052,94.6176708213276,2879647354765949.5,2.6419389023086395
193,88.14281873622383,58.61620943793852,5847769072953796.0,2.4893163617586116
193,13.742169163308816,108.23879254287402,1.8793451456630076e+16,2.256787780937445
193,10.349261734312186,99.89305016459949,6699999898690032.0,2.4610304588134047
193,66.59099586993052,94.6176708213276,2724025539263137.0,2.654297102211534
1096,88.14281873622383,58.61620943793852,5847769072953796.0,2.4893163617586116
1096,13.742169163308816,108.23879254287402,1.5958709918875104e+16,2.2879970388896247
1096,10.349261734312186,99.89305016459949,6699999897935999.0,2.4610304588366705
1096,66.59099586993052,94.6176708213276,2168143018355577.0,2.7056766008906665
589,88.14281873622383,58.61620943793852,5847769072953796.0,2.4893163617586116
589,13.682018995670568,108.19176861281025,1.3077852303270822e+16,2.326581185078593
589,10.349261732466687,99.89305016071152,6699999875261085.0,2.4610304595362984
589,66.59099586993052,94.6176708213276,3159440753848822.0,2.6214405526135316
332,88.14281873622383,58.61620943793852,5847769072953796.0,2.4893163617586116
332,13.742169163308816,108.23879254287402,2.145008906658843e+16,2.231861431380257
332,10.349261734312186,99.89305016459949,6699999898580826.0,2.4610304588167744
332,66.59099586993052,94.6176708213276,3090917888883772.0,2.626273335523342
332,124.59559533338009,64.74630398890753,5470633156086987.0,2.5032954719522995
37,88.14281873622383,58.61620943793852,5847769072953796.0,2.4893163617586116
37,13.742169163308816,108.23879254287402,1.990319727198093e+16,2.245937944236363
37,10.349261734312186,99.89305016459949,6699999898690032.0,2.4610304588134047
37,66.59099586993052,94.6176708213276,2459494446880305.0,2.6771716694939727
825,88.14281873622383,58.61620943793852,5847769072953796.0,2.4893163617586116
825,10.349261734312186,99.89305016459949,6699999898690032.0,2.4610304588134047
825,66.59099586993052,94.6176708213276,4671813076666393.0,2.536708085435665
825,9.254199140308408,111.50418873490506,5.925424846527226e+16,2.0492683570236543
267,88.14281873622383,58.61620943793852,5847769072953796.0,2.4893163617586116
267,13.742169163308816,108.23879254287402,1.198598887188206e+16,2.34368190277074
267,10.349261734312186,99.89305016459949,6699999898686854.0,2.4610304588135032
267,66.59099586993052,94.6176708213276,3208088417293113.5,2.6180779921609494
619,88.14281873622383,58.61620943793852,5847769072953796.0,2.4893163617586116
619,13.742169163308816,108.23879254287402,1.9869115605356424e+16,2.246261298341341
619,10.349261734312186,99.89305016459949,6699999898690032.0,2.4610304588134047
54,88.14281873622383,58.61620943793852,5847769072953796.0,2.4893163617586116
54,13.742169163308816,108.23879254287402,2.785183035552016e+16,2.1834314289164403
54,10.349261734312186,99.89305016459949,6699999894532781.0,2.4610304589416754
54,66.59099586993052,94.6176708213276,3550756789810527.5,2.595854306481303
271,88.14281873622383,58.61620943793852,5847769072953796.0,2.4893163617586116
271,13.742169163308816,108.23879254287402,2.3740767854108908e+16,2.212919988751575
271,10.349261734312186,99.89305016459949,6699999898690032.0,2.4610304588134047
271,66.59099586993052,94.6176708213276,3226644184515373.5,2.616809942442881
159,88.14281873622383,58.61620943793852,5847769072953796.0,2.4893163617586116
159,13.742169163308816,108.23879254287402,2.503776028549396e+16,2.2030545534134713
159,10.349261734312186,99.89305016459949,6699999898690032.0,2.4610304588134047
159,66.59099586993052,94.6176708213276,2493601832598963.5,2.6740762975582006
161,88.14281873622383,58.61620943793852,5847769072953796.0,2.4893163617586116
161,13.742169163308816,108.23879254287402,1.986465491593984e+16,2.2463036641850906
161,10.349261734312186,99.89305016459949,6699999898690032.0,2.4610304588134047
161,66.59099586993052,94.6176708213276,2750991889647485.0,2.652101673576503
562,88.14281873622383,58.61620943793852,5847769072953796.0,2.4893163617586116
562,13.742169163308816,108.23879254287402,2.3135857168883384e+16,2.2177229036485198
562,10.349261734312186,99.89305016459949,6699999898690032.0,2.4610304588134047
694,88.14281873622383,58.61620943793852,5847769072953796.0,2.4893163617586116
694,13.742169163308816,108.23879254287402,2.191140593024724e+16,2.227875774498519
694,10.349261734312186,99.89305016459949,6699999897714353.0,2.461030458843509
694,66.59099586993052,94.6176708213276,3239872219413429.0,2.615910791936082
983,88.14281873622383,58.61620943793852,5847769072953796.0,2.4893163617586116
983,13.742169163308816,108.23879254287402,1.9922424740234196e+16,2.245755785925317
983,10.349261734312186,99.89305016459949,6699999898690032.0,2.4610304588134047
983,66.59099586993052,94.6176708213276,2485375040612178.5,2.674818691052764
269,88.14281873622383,58.61620943793852,5847769072953796.0,2.4893163617586116
269,13.742169163308816,108.23879254287402,1.9926590212787716e+16,2.2457163479433495
269,10.349261734312186,99.89305016459949,6699999874640375.0,2.4610304595554497
269,66.59099586993052,94.6176708213276,2434137845107230.5,2.6795031841401493
467,88.14281873622383,58.61620943793852,5847769072953796.0,2.4893163617586116
467,13.742169163308816,108.23879254287402,2.566762169443214e+16,2.1984615718007756
467,10.349261734312186,99.89305016459949,6699999898690032.0,2.4610304588134047
467,66.59099586993052,94.6176708213276,3037316387591224.0,2.6301354132232664
981,88.14281873622383,58.61620943793852,5847769072953796.0,2.4893163617586116
981,13.742169163308816,108.23879254287402,3.1804908020319948e+16,2.1592243218722196
981,10.349261734312186,99.89305016459949,6699999898690032.0,2.4610304588134047
981,124.78335030097136,64.84405396133803,6248771280191160.0,2.475486275181258
981,66.59099586993052,94.6176708213276,2177063657433286.2,2.7047435691551973
110,88.14281873622383,58.61620943793852,5847769072953796.0,2.4893163617586116
110,13.742169163308816,108.23879254287402,2.0151709728012764e+16,2.243598144326022
110,10.349261734312186,99.89305016459949,6699999889239590.0,2.4610304591049954
110,66.59099586993052,94.6176708213276,4328655320531652.0,2.5530164855483846
1031,88.14281873622383,58.61620943793852,5847769072953796.0,2.4893163617586116
1031,13.742169163308816,108.23879254287402,1.9606745019224676e+16,2.248770883745651
1031,10.349261734312186,99.89305016459949,6699999898690032.0,2.4610304588134047
540,88.14281873622383,58.61620943793852,5847769072953796.0,2.4893163617586116
540,13.742169163308816,108.23879254287402,2.329551585547677e+16,2.216442125633734
540,10.349261734312186,99.89305016459949,6699999793091466.0,2.461030462071618
540,66.59099586993052,94.6176708213276,3048010558062427.5,2.6293590107409504
888,88.14281873622383,58.61620943793852,5847769072953796.0,2.4893163617586116
888,13.742169163308816,108.23879254287402,1.962763583533654e+16,2.248569732044117
888,10.349261734312186,99.89305016459949,6699999890194386.0,2.4610304590755354
888,66.59099586993052,94.6176708213276,2681466236827794.5,2.6578103949815337
150,88.14281873622383,58.61620943793852,5847769072953796.0,2.4893163617586116
150,13.742169163308816,108.23879254287402,2.58951484560118e+16,2.196832402353905
150,10.349261734312186,99.89305016459949,6699999898690032.0,2.4610304588134047
150,66.59099586993052,94.6176708213276,2856749455322352.5,2.643711199074678
290,88.14281873622383,58.61620943793852,5847769072953796.0,2.4893163617586116
290,13.742169163308816,108.23879254287402,1.947957190110391e+16,2.250000431202319
290,10.349261734312186,99.89305016459949,6699999898690032.0,2.4610304588134047
290,66.59099586993052,94.6176708213276,2897062010643966.0,2.640601205242964
157,88.14281873622383,58.61620943793852,5847769072953796.0,2.4893163617586116
157,13.742169163308816,108.23879254287402,3.094766586522458e+16,2.164185724997602
157,10.349261734312186,99.89305016459949,6699999898690032.0,2.4610304588134047
157,66.59099586993052,94.6176708213276,2937082931131835.5,2.637559770235163
777,88.14281873622383,58.61620943793852,5847769072953796.0,2.4893163617586116
777,13.742169163308816,108.23879254287402,1.9390336913425228e+16,2.2508683878727664
777,10.349261734312186,99.89305016459949,6699999622077635.0,2.4610304673482006
777,66.59099586993052,94.6176708213276,2031916041786755.5,2.720465281812861
514,88.14281873622383,58.61620943793852,5847769072953796.0,2.4893163617586116
514,13.742169163308816,108.23879254287402,2.606843405339569e+16,2.195601993206323
514,10.349261734312186,99.89305016459949,6699999898672028.0,2.46103045881396
514,66.59099586993052,94.6176708213276,3031874224074292.5,2.6305316556989498
519,88.14281873622383,58.61620943793852,5847768698056232.0,2.489316375164074
519,13.742169163308816,108.23879254287402,1.986388948415037e+16,2.2463109349866537
519,10.349261734312186,99.89305016459949,6699999898690032.0,2.4610304588134047
916,88.14281873622383,58.61620943793852,5847769072902873.0,2.4893163617604324
916,13.742169163308816,108.23879254287402,1.9766042093237724e+16,2.2472428923369807
916,10.349261734312186,99.89305016459949,6699999898137423.0,2.4610304588304555
916,66.59099586993052,94.6176708213276,2378227505975426.5,2.6847384719165155
903,88.14281873622383,58.61620943793852,5847769072953796.0,2.4893163617586116
903,13.742169163308816,108.23879254287402,1.992729279897033e+16,2.245709696858289
903,10.349261734312186,99.89305016459949,6699999872031939.0,2.4610304596359325
903,66.59099586993052,94.6176708213276,2799358795769836.5,2.6482217742331597
330,13.742169163308816,108.23879254287402,1.74802066329831e+16,2.2705619747281784
330,10.349261734312186,99.89305016459949,6699999887796581.0,2.461030459149519
330,66.59099586993052,94.6176708213276,3270967340240612.5,2.613812738475038
261,88.14281873622383,58.61620943793852,5847769072953796.0,2.4893163617586116
261,13.742169163308816,108.23879254287402,1.6338362818490768e+16,2.283482852124989
261,10.349261734312186,99.89305016459949,6699999898690032.0,2.4610304588134047
261,66.59099586993052,94.6176708213276,3186001576683362.5,2.6195977502447527
682,88.14281873622383,58.61620943793852,5847769072953796.0,2.4893163617586116
682,13.742169163308816,108.23879254287402,1.9081626222250416e+16,2.253904856504132
682,10.349261734312186,99.89305016459949,6699999898690032.0,2.4610304588134047
682,66.59099586993052,94.6176708213276,3011024583728628.0,2.6320568797977972
654,88.14281873622383,58.61620943793852,5847769072953796.0,2.4893163617586116
654,13.742169163308816,108.23879254287402,1.99221115228346e+16,2.2457587517754285
654,10.349261734312186,99.89305016459949,6699999898690032.0,2.4610304588134047
878,88.14281873622383,58.61620943793852,5847769072953796.0,2.4893163617586116
878,13.742169163308816,108.23879254287402,1.9243204839559424e+16,2.252308987363585
878,10.349261734312186,99.89305016459949,6699999773329176.0,2.461030462681378
878,66.59099586993052,94.6176708213276,3223312627451105.0,2.617037028669879
1107,88.14281873622383,58.61620943793852,5847769072953796.0,2.4893163617586116
1107,13.742169163308816,108.23879254287402,1.7267134643602496e+16,2.2729023019806243
1107,10.349261734312186,99.89305016459949,6699999898688964.0,2.4610304588134375
1107,66.59099586993052,94.6176708213276,2420197568802585.0,2.6807962216417134
802,88.14281873622383,58.61620943793852,5847769072953796.0,2.4893163617586116
802,13.742169163308816,108.23879254287402,2.8512037575964388e+16,2.179138823948366
802,10.349261734312186,99.89305016459949,6699999874419961.0,2.461030459562251
802,66.59099586993052,94.6176708213276,3107617114462626.0,2.6250849448021056
684,88.14281873622383,58.61620943793852,5847769072953796.0,2.4893163617586116
684,13.742169163308816,108.23879254287402,1.9927508599201908e+16,2.245707654020159
684,10.349261734312186,99.89305016459949,6699999898688936.0,2.461030458813439
458,88.14281873622383,58.61620943793852,5847769072953796.0,2.4893163617586116
458,13.742169163308816,108.23879254287402,1.7932474141960264e+16,2.2656952476679217
458,10.349261734312186,99.89305016459949,6699999898690032.0,2.4610304588134047
458,66.59099586993052,94.6176708213276,3219092354703674.0,2.6173250572654516
808,88.14281873622383,58.61620943793852,5847769072953796.0,2.4893163617586116
808,13.742169163308816,108.23879254287402,2.0690813069769324e+16,2.23862813077312
808,10.349261734312186,99.89305016459949,6699999897986040.0,2.4610304588351264
808,66.59099586993052,94.6176708213276,4232433980664976.0,2.5578418893792407
951,88.14281873622383,58.61620943793852,5847769072953796.0,2.4893163617586116
951,13.742169163308816,108.23879254287402,1.275114321049195e+16,2.331530737292159
951,10.349261734312186,99.89305016459949,6699999898612177.0,2.461030458815807
951,66.59099586993052,94.6176708213276,3282733085235688.5,2.6130245109930335
946,88.14281873622383,58.61620943793852,5847769072953796.0,2.4893163617586116
946,13.742169163308816,108.23879254287402,2.740139447480516e+16,2.186423908851032
946,10.349261734312186,99.89305016459949,6699999898662436.0,2.461030458814256
946,66.59099586993052,94.6176708213276,2695570088196694.0,2.656639458490233
465,88.14281873622383,58.61620943793852,5847769072953796.0,2.4893163617586116
465,13.742169163308816,108.23879254287402,1.9926549057351812e+16,2.245716737552267
465,10.349261734312186,99.89305016459949,6699999898690032.0,2.4610304588134047
465,66.59099586993052,94.6176708213276,2094750552062226.8,2.7135145666545304
551,88.14281873622383,58.61620943793852,5847769072953796.0,2.4893163617586116
551,13.742169163308816,108.23879254287402,2.4458176200035416e+16,2.2073929431060617
551,10.349261734312186,99.89305016459949,6699999898686744.0,2.4610304588135063
551,66.59099586993052,94.6176708213276,3283976273049201.0,2.6129414045273047
935,88.14281873622383,58.61620943793852,5847769072953796.0,2.4893163617586116
935,13.742169163308816,108.23879254287402,1.9956251041357696e+16,2.2454357824083013
935,10.349261734312186,99.89305016459949,6699999895120524.0,2.461030458923541
935,66.59099586993052,94.6176708213276,2088534216097261.2,2.7141920724566653
293,88.14281873622383,58.61620943793852,5847769072953796.0,2.4893163617586116
293,13.742169163308816,108.23879254287402,1.2983997616821292e+16,2.3279892136811644
293,10.349261734312186,99.89305016459949,6699999851184517.0,2.4610304602791735
293,66.59099586993052,94.6176708213276,2981071986062088.0,2.6342681724777837
738,88.14281873622383,58.61620943793852,5847769072953796.0,2.4893163617586116
738,13.742169163308816,108.23879254287402,2.1193095486020196e+16,2.2341222945983295
738,10.349261734312186,99.89305016459949,6699999898690032.0,2.4610304588134047
738,66.59099586993052,94.6176708213276,3628565718199770.0,2.5911319666061234
1015,88.14281873622383,58.61620943793852,5847769072953796.0,2.4893163617586116
1015,13.742169163308816,108.23879254287402,1.9422266298462044e+16,2.2505573256633213
1015,10.349261734312186,99.89305016459949,6699999898690032.0,2.4610304588134047
1015,66.59099586993052,94.6176708213276,3354353153674827.0,2.6082915461486804
650,88.14281873622383,58.61620943793852,5847769072953796.0,2.4893163617586116
650,33.76036137884979,87.65193261344488,1.9292048770225492e+16,2.251829426614777
650,13.742169163308816,108.23879254287402,1.994596107260418e+16,2.2455330652887615
650,10.349261734312186,99.89305016459949,6699999898113388.0,2.461030458831197
650,66.59099586993052,94.6176708213276,3101117466204387.5,2.625546663808466
4,88.14281873622383,58.61620943793852,5847769072953796.0,2.4893163617586116
4,13.742169163308816,108.23879254287402,1.750005660877333e+16,2.2703455240776025
4,10.349261734312186,99.89305016459949,6699999898689101.0,2.4610304588134335
4,66.59099586993052,94.6176708213276,3093814570190746.5,2.6260666966853425
993,88.14281873622383,58.61620943793852,5847769072953796.0,2.4893163617586116
993,13.742169163308816,108.23879254287402,2.004768403101855e+16,2.2445737422340843
993,10.349261734312186,99.89305016459949,6699999887759338.0,2.461030459150668
993,66.59099586993052,94.6176708213276,3300155063653874.0,2.6118629601355265
687,88.14281873622383,58.61620943793852,5847769072953796.0,2.4893163617586116
687,13.742169163308816,108.23879254287402,1.9922708972487124e+16,2.2457530945788013
687,10.349261734312186,99.89305016459949,6699999898690032.0,2.4610304588134047
687,66.59099586993052,94.6176708213276,3037433044161879.0,2.6301269279169204
185,88.14281873622383,58.61620943793852,5847769072953796.0,2.4893163617586116
185,13.742169163308816,108.23879254287402,1.978271869925182e+16,2.247083701257109
185,10.349261734312186,99.89305016459949,6699999898690032.0,2.4610304588134047
185,66.59099586993052,94.6176708213276,3101876090584701.5,2.62549271895355
41,88.14281873622383,58.61620943793852,5847769072953796.0,2.4893163617586116
41,13.742169163308816,108.23879254287402,1.7084556940203526e+16,2.274932730296628
41,10.349261734312186,99.89305016459949,6699999898690032.0,2.4610304588134047
41,66.59099586993052,94.6176708213276,3399827669420262.0,2.6053429059660314
85,88.14281873622383,58.61620943793852,5847769072953796.0,2.4893163617586116
85,13.742169163308816,108.23879254287402,1.9926954843552796e+16,2.2457128961069954
85,10.349261734312186,99.89305016459949,6699999898690032.0,2.4610304588134047
85,66.59099586993052,94.6176708213276,3009502914489304.5,2.6321686431704228
984,88.14281873622383,58.61620943793852,5847769072953796.0,2.4893163617586116
984,13.742169163308816,108.23879254287402,2.0951500867928276e+16,2.2362749548104905
984,10.349261734312186,99.89305016459949,6699999891055379.0,2.4610304590489696
984,66.59099586993052,94.6176708213276,2135429724870219.8,2.7091341311903308
158,88.14281873622383,58.61620943793852,5847769072953796.0,2.4893163617586116
158,13.742169163308816,108.23879254287402,1.9926843828575344e+16,2.2457139470410588
158,10.349261734312186,99.89305016459949,6699999898690032.0,2.4610304588134047
158,66.59099586993052,94.6176708213276,2993779960613269.0,2.6333270600239733
21,88.14281873622383,58.61620943793852,5847769072953796.0,2.4893163617586116
21,13.742169163308816,108.23879254287402,2.0092678340614052e+16,2.2441510942969063
21,10.349261734312186,99.89305016459949,6699999898689211.0,2.4610304588134304
21,66.59099586993052,94.6176708213276,2717681807868191.0,2.654816991828471
251,13.742169163308816,108.23879254287402,1.9995350766918684e+16,2.245066623060753
251,10.349261734312186,99.89305016459949,6699999838419946.0,2.4610304606730207
251,66.59099586993052,94.6176708213276,3131044305043017.0,2.623429378821104
1041,88.14281873622383,58.61620943793852,5847769072953796.0,2.4893163617586116
1041,13.742169163308816,108.23879254287402,1.601093151459643e+16,2.2873692438064928
1041,10.349261734312186,99.89305016459949,6699999897829835.0,2.461030458839946
469,88.14281873622383,58.61620943793852,5847769072953796.0,2.4893163617586116
469,13.742169163308816,108.23879254287402,2.7746458259667584e+16,2.1841267456725153
469,10.349261734312186,99.89305016459949,6699999819593655.0,2.4610304612539005
469,66.59099586993052,94.6176708213276,2251255773395718.8,2.6971405913468485
39,88.14281873622383,58.61620943793852,5847769072953796.0,2.4893163617586116
39,13.742169163308816,108.23879254287402,1.99270488024953e+16,2.245712006640502
39,10.349261734312186,99.89305016459949,6699999898690032.0,2.4610304588134047
39,66.59099586993052,94.6176708213276,4149525698733056.0,2.562096015803997
563,88.14281873622383,58.61620943793852,5847769072953796.0,2.4893163617586116
563,13.742169163308816,108.23879254287402,1.8845217833636256e+16,2.2562663898361266
563,10.349261734312186,99.89305016459949,6699999898690032.0,2.4610304588134047
563,66.59099586993052,94.6176708213276,3106917422311049.5,2.625134598906014
188,88.14281873622383,58.61620943793852,5847769072953796.0,2.4893163617586116
188,13.742169163308816,108.23879254287402,1.9927300164372388e+16,2.245709627134502
188,10.349261734312186,99.89305016459949,6699999898690032.0,2.4610304588134047
188,66.59099586993052,94.6176708213276,3261317523383425.5,2.6144615102025024
501,88.14281873622383,58.61620943793852,5847769072953796.0,2.4893163617586116
501,13.742169163308816,108.23879254287402,1.9547418937845176e+16,2.2493433868003017
501,10.349261734312186,99.89305016459949,6699999898690032.0,2.4610304588134047
23,88.14281873622383,58.61620943793852,5847769072953796.0,2.4893163617586116
23,13.742169163308816,108.23879254287402,2.078015716695888e+16,2.237818037570435
23,10.349261734312186,99.89305016459949,6699999898690032.0,2.4610304588134047
23,66.59099586993052,94.6176708213276,3475780842086275.0,2.6005120546457876
22,88.14281873622383,58.61620943793852,5847769072953796.0,2.4893163617586116
22,13.742169163308816,108.23879254287402,1.99139079884301e+16,2.245836448903938
22,10.349261734312186,99.89305016459949,6699999898690032.0,2.4610304588134047
22,66.59099586993052,94.6176708213276,2366307140543144.0,2.6858719151859627
680,88.14281873622383,58.61620943793852,5847769072953796.0,2.4893163617586116
680,13.742169163308816,108.23879254287402,1.933337139892755e+16,2.2514247383282315
680,10.349261734312186,99.89305016459949,6699999897496241.0,2.4610304588502387
791,88.14281873622383,58.61620943793852,5847769072953796.0,2.4893163617586116
791,13.742169163308816,108.23879254287402,1.9922863296936828e+16,2.245751633324456
791,10.349261734312186,99.89305016459949,6699999897937918.0,2.461030458836611
791,66.59099586993052,94.6176708213276,2090649780576326.2,2.713961256300785
490,88.14281873622383,58.61620943793852,5847769072953796.0,2.4893163617586116
490,13.742169163308816,108.23879254287402,2.4957801600072376e+16,2.2036465612299128
490,10.349261734312186,99.89305016459949,6699999898684113.0,2.461030458813587
490,66.59099586993052,94.6176708213276,3095533522481263.0,2.625944171934521
67,88.14281873622383,58.61620943793852,5847769072953796.0,2.4893163617586116
67,13.742169163308816,108.23879254287402,1.981808264508165e+16,2.246746605868115
67,10.349261734312186,99.89305016459949,6699999898690032.0,2.4610304588134047
67,66.59099586993052,94.6176708213276,3121182241800155.0,2.6241246746781592
1067,88.14281873622383,58.61620943793852,5847769072953796.0,2.4893163617586116
1067,13.742169163308816,108.23879254287402,2.335684913743474e+16,2.2159526393714994
1067,10.349261734312186,99.89305016459949,6699999842854915.0,2.4610304605361812
1067,66.59099586993052,94.6176708213276,2710331390730782.5,2.6554210303400274
910,88.14281873622383,58.61620943793852,5847769072953796.0,2.4893163617586116
910,13.742169163308816,108.23879254287402,2.0425866942810724e+16,2.2410529082117834
910,10.349261734312186,99.89305016459949,6699999898690032.0,2.4610304588134047
910,66.59099586993052,94.6176708213276,3119205953041420.0,2.6242642935447664
310,88.14281873622383,58.61620943793852,5847769072953796.0,2.4893163617586116
310,13.742169163308816,108.23879254287402,1.931174215856489e+16,2.2516364446652415
310,10.349261734312186,99.89305016459949,6699999898689101.0,2.4610304588134335
310,66.59099586993052,94.6176708213276,2843419036795719.5,2.6447500793310463
151,88.14281873622383,58.61620943793852,5847769072953796.0,2.4893163617586116
151,13.742169163308816,108.23879254287402,1.9898278748790884e+16,2.245984572268798
151,10.349261734312186,99.89305016459949,6699999898690032.0,2.4610304588134047
151,66.59099586993052,94.6176708213276,3038858269984717.5,2.6300232890786397
441,88.14281873622383,58.61620943793852,5847769072953796.0,2.4893163617586116
441,13.742169163308816,108.23879254287402,2.004054840079064e+16,2.2446408642647264
441,10.349261734312186,99.89305016459949,6699999821736078.0,2.461030461187797
441,66.59099586993052,94.6176708213276,2656528072146923.0,2.6598972547329773
536,88.14281873622383,58.61620943793852,5847769072953796.0,2.4893163617586116
536,13.742169163308816,108.23879254287402,1.835428180763145e+16,2.261274734898906
536,10.349261734312186,99.89305016459949,6699999898690032.0,2.4610304588134047
536,66.59099586993052,94.6176708213276,3661504721859940.5,2.589165820985944
14,88.14281873622383,58.61620943793852,5847769072953796.0,2.4893163617586116
14,13.742169163308816,108.23879254287402,1.977736193570838e+16,2.247134819837201
14,10.349261734312186,99.89305016459949,6699999898689211.0,2.4610304588134304
14,66.59099586993052,94.6176708213276,3440489694189794.0,2.6027422961653914
856,88.14281873622383,58.61620943793852,5847769072953796.0,2.4893163617586116
856,13.742169163308816,108.23879254287402,1.6400410460656872e+16,2.282755907551536
856,10.349261734312186,99.89305016459949,6699999898690032.0,2.4610304588134047
856,66.59099586993052,94.6176708213276,3114417693196578.0,2.6246029677285945
451,88.14281873622383,58.61620943793852,5847769072953796.0,2.4893163617586116
451,33.60130790695369,87.88957414595266,5.020474871160405e+16,2.0779960066794856
451,13.742169163308816,108.23879254287402,1.6646747250812762e+16,2.2798989745331126
451,10.349261734312186,99.89305016459949,6699999818182244.0,2.461030461297449
451,66.59099586993052,94.6176708213276,3066102812674274.0,2.628052203008881
106,88.14281873622383,58.61620943793852,5847769072953796.0,2.4893163617586116
106,13.742169163308816,108.23879254287402,1.9853607987487012e+16,2.246408627901703
106,10.349261734312186,99.89305016459949,6699999898685319.0,2.46103045881355
106,66.59099586993052,94.6176708213276,3088404394008253.0,2.6264528093929305
364,13.742169163308816,108.23879254287402,1.4694678565531126e+16,2.3039116669565685
364,10.349261734312186,99.89305016459949,6699999887567343.0,2.4610304591565924
364,66.59099586993052,94.6176708213276,2810456165538261.5,2.6473418129656965
214,13.742169163308816,108.23879254287402,1.989414160210767e+16,2.246023802458515
214,10.349261734312186,99.89305016459949,6699999898690032.0,2.4610304588134047
214,66.59099586993052,94.6176708213276,2588913852570145.0,2.6656639168461633
5,88.14281873622383,58.61620943793852,5847769072953796.0,2.4893163617586116
5,13.742169163308816,108.23879254287402,2.0688757031387252e+16,2.238646817717586
5,10.349261734312186,99.89305016459949,6699999847162725.0,2.461030460403265
5,66.59099586993052,94.6176708213276,2289051631413268.0,2.693371139552485
832,88.14281873622383,58.61620943793852,5847769072953796.0,2.4893163617586116
832,13.742169163308816,108.23879254287402,1.7250752278473956e+16,2.273083536030941
832,10.349261734312186,99.89305016459949,6699999898690032.0,2.4610304588134047
832,66.59099586993052,94.6176708213276,4552217540208051.0,2.5422399489575715
677,88.14281873622383,58.61620943793852,5847769072953796.0,2.4893163617586116
677,11.12903278353204,110.09966199820414,6.7e+16,2.028229000739899
677,10.349261734312186,99.89305016459949,6699999870443305.0,2.4610304596849493
677,66.59099586993052,94.6176708213276,3021867345838299.0,2.6312622701401094
845,88.14281873622383,58.61620943793852,5847769072953796.0,2.4893163617586116
845,13.742169163308816,108.23879254287402,1.986187345309918e+16,2.246330086626892
845,10.349261734312186,99.89305016459949,6699999593939047.0,2.461030468216409
845,66.59099586993052,94.6176708213276,2931889044428573.0,2.6379519402875693
883,88.14281873622383,58.61620943793852,5847769072953796.0,2.4893163617586116
883,13.742169163308816,108.23879254287402,1.98445919160431e+16,2.2464943421188837
883,10.349261734312186,99.89305016459949,6699999898690032.0,2.4610304588134047
883,66.59099586993052,94.6176708213276,3793329394892524.0,2.5814846375213243
625,88.14281873622383,58.61620943793852,5847769072953796.0,2.4893163617586116
625,13.742169163308816,108.23879254287402,1.980682151385605e+16,2.2468538781576215
625,10.349261734312186,99.89305016459949,6699999898690032.0,2.4610304588134047
625,66.59099586993052,94.6176708213276,3161476181776553.0,2.6212987405394603
814,88.14281873622383,58.61620943793852,5847769072953796.0,2.4893163617586116
814,13.742169163308816,108.23879254287402,1.73726490666602e+16,2.2717394700928133
814,10.349261734312186,99.89305016459949,6699999898690032.0,2.4610304588134047
814,66.59099586993052,94.6176708213276,3078693773623848.5,2.6271476781754473
352,88.14281873622383,58.61620943793852,5847769072953796.0,2.4893163617586116
352,13.742169163308816,108.23879254287402,1.9763106716528372e+16,2.247270927842301
352,10.349261734312186,99.89305016459949,6699999898689182.0,2.461030458813431
352,66.59099586993052,94.6176708213276,2938618564063736.5,2.6374439645820287
154,88.14281873622383,58.61620943793852,5847769072953796.0,2.4893163617586116
154,13.742169163308816,108.23879254287402,1.9926014246407016e+16,2.2457218005621287
154,10.349261734312186,99.89305016459949,6699999898690032.0,2.4610304588134047
154,66.59099586993052,94.6176708213276,2351772789940513.5,2.6872623117250978
925,88.14281873622383,58.61620943793852,5847769072953796.0,2.4893163617586116
925,13.742169163308816,108.23879254287402,2.691147310650454e+16,2.189739860563055
925,10.349261734312186,99.89305016459949,6699999898690032.0,2.4610304588134047
925,66.59099586993052,94.6176708213276,3501111696746428.0,2.598926338577973
381,88.14281873622383,58.61620943793852,5847769072953796.0,2.4893163617586116
381,13.742169163308816,108.23879254287402,1.980214500692384e+16,2.2468984454748284
381,10.349261734312186,99.89305016459949,6699999898690032.0,2.4610304588134047
381,66.59099586993052,94.6176708213276,2418585493058021.0,2.680946271139526
894,88.14281873622383,58.61620943793852,5847769072953796.0,2.4893163617586116
894,13.742169163308816,108.23879254287402,1.99218388630022e+16,2.245761333627794
894,10.349261734312186,99.89305016459949,6699999894679779.0,2.46103045893714
894,66.59099586993052,94.6176708213276,3317602464611097.0,2.610706356936898
137,88.14281873622383,58.61620943793852,5847769072953796.0,2.4893163617586116
137,13.742169163308816,108.23879254287402,1.9972968111754668e+16,2.245277852629532
137,10.349261734312186,99.89305016459949,6699999898690032.0,2.4610304588134047
137,66.59099586993052,94.6176708213276,3213102103344765.0,2.617734588401131
1092,88.14281873622383,58.61620943793852,5847769072953796.0,2.4893163617586116
1092,13.742169163308816,108.23879254287402,1.992411508903529e+16,2.2457397809143074
1092,10.349261734312186,99.89305016459949,6699999898690032.0,2.4610304588134047
1092,66.59099586993052,94.6176708213276,2241015497246407.5,2.6981736916180763
854,88.14281873622383,58.61620943793852,5847769072953796.0,2.4893163617586116
854,13.742169163308816,108.23879254287402,2.17725266415777e+16,2.2290660115235745
854,10.349261734312186,99.89305016459949,6699999898690032.0,2.4610304588134047
854,66.59099586993052,94.6176708213276,3000451450264089.0,2.632834722459817
313,88.14281873622383,58.61620943793852,5847769072953796.0,2.4893163617586116
313,13.742169163308816,108.23879254287402,1.997977654895555e+16,2.245213572909284
313,10.349261734312186,99.89305016459949,6699999898689019.0,2.461030458813436
313,66.59099586993052,94.6176708213276,2569568625583002.5,2.6673439018235183
477,88.14281873622383,58.61620943793852,5847769072953796.0,2.4893163617586116
477,13.742169163308816,108.23879254287402,2.00741833852527e+16,2.2443246998409734
477,10.349261734312186,99.89305016459949,6699999898690032.0,2.4610304588134047
477,66.59099586993052,94.6176708213276,2728014230548814.5,2.653970887447695
566,88.14281873622383,58.61620943793852,5847769072953796.0,2.4893163617586116
566,13.742169163308816,108.23879254287402,1.952555381620788e+16,2.2495548627311215
566,10.349261734312186,99.89305016459949,6699999756917981.0,2.4610304631877407
180,88.14281873622383,58.61620943793852,5847769072953796.0,2.4893163617586116
180,13.742169163308816,108.23879254287402,1.992846799002165e+16,2.245698572391787
180,10.349261734312186,99.89305016459949,6699999863897456.0,2.4610304598869197
180,66.59099586993052,94.6176708213276,4416581478983447.0,2.5487076758243377
178,88.14281873622383,58.61620943793852,5847769072953796.0,2.4893163617586116
178,13.742169163308816,108.23879254287402,2.2964466056505524e+16,2.2191085057287823
178,10.349261734312186,99.89305016459949,6699999876444106.0,2.461030459499796
178,66.59099586993052,94.6176708213276,3033732570571114.5,2.6303962633600357
731,88.14281873622383,58.61620943793852,5847769072953796.0,2.4893163617586116
731,13.742169163308816,108.23879254287402,1.8343370704702376e+16,2.2613876894776452
731,10.349261734312186,99.89305016459949,6699999898690032.0,2.4610304588134047
731,66.59099586993052,94.6176708213276,2463587382016895.0,2.6767977715464477
92,88.14281873622383,58.61620943793852,5847769072953796.0,2.4893163617586116
92,13.742169163308816,108.23879254287402,2.5918421782921644e+16,2.196666632787417
92,10.349261734312186,99.89305016459949,6699999898689347.0,2.461030458813426
92,66.59099586993052,94.6176708213276,3058610879361865.5,2.6285923304253056
92,16.82520023983333,99.81170979769973,6583822997142985.0,2.4646491635991223
614,88.14281873622383,58.61620943793852,5847769072953796.0,2.4893163617586116
614,13.66095751028844,108.21300471353575,1.2905908316615304e+16,2.3291691611129073
614,10.349261734312186,99.89305016459949,6699999898690032.0,2.4610304588134047
614,66.59099586993052,94.6176708213276,2839210948199174.0,2.645079125251757
409,88.14281873622383,58.61620943793852,5847769072953796.0,2.4893163617586116
409,13.742169163308816,108.23879254287402,1.4593898829248956e+16,2.305243891080615
409,10.349261734312186,99.89305016459949,6699999892718279.0,2.4610304589976617
409,66.59099586993052,94.6176708213276,2928798037224211.0,2.638185687760907
45,88.14281873622383,58.61620943793852,5847769072953796.0,2.4893163617586116
45,13.742169163308816,108.23879254287402,2.2382849365903748e+16,2.223895522179096
45,10.349261734312186,99.89305016459949,6699999898681811.0,2.4610304588136587
45,66.59099586993052,94.6176708213276,3145370953646172.5,2.6224235384007613
974,88.14281873622383,58.61620943793852,5847769072953796.0,2.4893163617586116
974,13.742169163308816,108.23879254287402,1.476330981902106e+16,2.303010075587273
974,10.349261734312186,99.89305016459949,6699999898690032.0,2.4610304588134047
974,66.59099586993052,94.6176708213276,2277311337548080.0,2.6945347531187185
897,88.14281873622383,58.61620943793852,5847769072953796.0,2.4893163617586116
897,13.742169163308816,108.23879254287402,2.242432526052357e+16,2.223549711643385
897,10.349261734312186,99.89305016459949,6699999898688936.0,2.461030458813439
897,66.59099586993052,94.6176708213276,2889436266482075.5,2.641185896810134
851,88.14281873622383,58.61620943793852,5847769072953796.0,2.4893163617586116
851,11.336471739758586,109.94172585293458,6.176765529918191e+16,2.0421297766996984
851,10.349261734312186,99.89305016459949,6699999889029342.0,2.4610304591114827
851,66.59099586993052,94.6176708213276,3045221749923007.5,2.629561194747554
735,88.14281873622383,58.61620943793852,5847769072953796.0,2.4893163617586116
735,13.742169163308816,108.23879254287402,1.9928211715749444e+16,2.245700998246972
735,10.349261734312186,99.89305016459949,6699999898687073.0,2.461030458813496
735,66.59099586993052,94.6176708213276,2684312734967514.5,2.657573534782042
406,88.14281873622383,58.61620943793852,5847769072953796.0,2.4893163617586116
406,13.742169163308816,108.23879254287402,1.990077613087608e+16,2.2459608953058225
406,10.349261734312186,99.89305016459949,6699999898690032.0,2.4610304588134047
406,66.59099586993052,94.6176708213276,2904059430735181.5,2.6400661553309184
