x,y,e1,e2,f1,f2,g1,g2,sigs,sigf,sigg
5.668851596484259,-64.95357521579731,0.35646267407037396,-0.00963290936094282,0.009346005368216094,-0.004641326879879151,0.009346005368216094,-0.004641326879879151,0.14588217079608284,13690.52727737165,13690.52727737165
65.4816549247521,-64.01826931424677,0.03353132818497235,-0.0008185910040698926,0.08858841926853532,-0.053461064466236344,0.08858841926853532,-0.053461064466236344,0.14588217079608284,19966.963167761947,19966.963167761947
-9.909124328648709,-60.90589916213616,0.054796177502504276,-0.002709620221472793,0.0015116946527810057,-0.03068927171391179,0.0015116946527810057,-0.03068927171391179,0.14588217079608284,10325.853385135912,10325.853385135912
40.523092455857935,-61.05172000907507,0.3131790431950169,-0.005791680607875982,-0.020667652870378313,-0.03823983038737893,-0.020667652870378313,-0.03823983038737893,0.14588217079608284,13413.343676075285,13413.343676075285
1.94531597111785,-58.31484414444796,0.14184913586666162,-0.0036236812882705894,-0.02778092053002065,-0.0577153606602729,-0.02778092053002065,-0.0577153606602729,0.14588217079608284,14006.133694271919,14006.133694271919
-15.773499720812332,-58.18243364586992,0.02193556950242557,-2.2271589757487154e-05,-0.035578018788496237,-0.010724057060644906,-0.035578018788496237,-0.010724057060644906,0.14588217079608284,17095.705764425682,17095.705764425682
51.515745805862565,-54.39972549515145,0.13504283561203057,0.003581674776359741,0.07255130542529058,-0.04707744479528935,0.07255130542529058,-0.04707744479528935,0.14588217079608284,22399.921799878608,22399.921799878608
39.62823754333516,-54.47109863050643,0.18341526198824262,-0.007326843933927595,-0.03388582952177951,0.05575518541611039,-0.03388582952177951,0.05575518541611039,0.14588217079608284,23856.452757097966,23856.452757097966
3.1227958919137535,-53.02248534910851,0.07424200818059075,-0.003667243445385106,-0.002013420925222071,0.07326108630011943,-0.002013420925222071,0.07326108630011943,0.14588217079608284,16219.524768052579,16219.524768052579
13.977042066547895,-48.871988298905336,0.2820832355550162,-0.010298297958486257,-0.002648282283057542,-0.04730308354601453,-0.002648282283057542,-0.04730308354601453,0.14588217079608284,13648.754354211385,13648.754354211385
-20.381567090956572,-48.51392208449055,0.3848051458889197,0.009370960132242976,0.03639623722044055,-0.009815140029409865,0.03639623722044055,-0.009815140029409865,0.14588217079608284,11476.966760268473,11476.966760268473
-7.785859633566922,-48.29058947626372,0.06966640887362689,-0.00021834567703991873,-0.017096243113820183,-0.059380961465859944,-0.017096243113820183,-0.059380961465859944,0.14588217079608284,30782.92711668356,30782.92711668356
36.97139334487649,-47.8264046306317,0.19349870986444354,0.009501883981044356,0.051119108257282934,0.0032353288296151144,0.051119108257282934,0.0032353288296151144,0.14588217079608284,17683.288950818525,17683.288950818525
5.356118537863296,-45.76308468395326,0.2369416098329147,0.006374729697396417,-0.035414761127092784,0.06545483840962539,-0.035414761127092784,0.06545483840962539,0.14588217079608284,21576.66601741429,21576.66601741429
-56.39554366686905,-44.563257925235234,0.043961063671020886,0.00021822788001406242,-0.026607775118284542,0.014656502982897182,-0.026607775118284542,0.014656502982897182,0.14588217079608284,22386.168129323654,22386.168129323654
20.10131059557419,-43.93783753227395,0.2349787187130126,-0.007042977802814415,0.02567603160350071,0.04873634528544275,0.02567603160350071,0.04873634528544275,0.14588217079608284,33605.41680715654,33605.41680715654
4.130932574493045,-42.13561475457898,0.1276385925156766,-0.000971043145289075,-0.04010087041907611,0.009297533525207104,-0.04010087041907611,0.009297533525207104,0.14588217079608284,22730.122210677924,22730.122210677924
-9.432806290416885,-40.34660062683595,0.0740115635600497,-0.0006766500219017759,0.009589983880402171,0.002995007538958021,0.009589983880402171,0.002995007538958021,0.14588217079608284,6530.580820982648,6530.580820982648
-39.872900431716815,-38.37944779398401,0.0,-0.0,-0.04263184076261481,-0.022429298889758253,-0.04263184076261481,-0.022429298889758253,0.14588217079608284,14494.623020677958,14494.623020677958
26.313714192849375,-38.05566398926412,0.08647059910454653,0.0009397060178122022,-0.0647600494043666,0.0011461450664889163,-0.0647600494043666,0.0011461450664889163,0.14588217079608284,30602.087192947445,30602.087192947445
-8.661102595314262,-36.11707424485097,0.12606765426605987,0.003044775806496567,0.025089735264944353,0.060464630940640085,0.025089735264944353,0.060464630940640085,0.14588217079608284,9199.910528503602,9199.910528503602
30.043476275626062,-33.61748544439777,0.049771489163803764,0.0007252779751025375,0.001409708860243735,0.035098138264576945,0.001409708860243735,0.035098138264576945,0.14588217079608284,9665.724516829412,9665.724516829412
23.90215131546792,-32.90071663699852,0.43000127820457734,-0.01225439433087064,0.019631658753617404,0.02282251159267071,0.019631658753617404,0.02282251159267071,0.14588217079608284,10580.049793780763,10580.049793780763
20.89070570373937,-33.480422499011254,0.0,-0.0,0.04508976486887969,0.004631661395008278,0.04508976486887969,0.004631661395008278,0.14588217079608284,41214.950979041314,41214.950979041314
-24.73801146845293,-30.660785856324964,0.2586480929731689,0.0013525094973012909,-0.007189985666783667,-0.053698926668340405,-0.007189985666783667,-0.053698926668340405,0.14588217079608284,9464.293665922873,9464.293665922873
24.301990637875576,-29.290081483124233,0.2520636483444794,0.007660150990192037,0.006196858758971725,0.0568247608025379,0.006196858758971725,0.0568247608025379,0.14588217079608284,15887.796966801981,15887.796966801981
-52.486288026702844,-26.844320035816494,0.365815318423265,0.012488429412007462,-0.09500598840034827,0.02142493383611923,-0.09500598840034827,0.02142493383611923,0.14588217079608284,9778.684946039351,9778.684946039351
30.37435767599942,-27.380346280757394,0.1862617894627956,-0.0007498226293099598,0.08497341065662149,-0.04332068213223002,0.08497341065662149,-0.04332068213223002,0.14588217079608284,27057.669380960942,27057.669380960942
-40.56411616976669,-26.761096330216084,0.6135610741406401,-0.020052530201760566,0.09995557409304213,0.079530660599747,0.09995557409304213,0.079530660599747,0.14588217079608284,16143.111523286965,16143.111523286965
-62.38821463570077,-25.810336140472742,0.403233583152421,0.022480566988739688,0.024896082518462006,0.04423164190781557,0.024896082518462006,0.04423164190781557,0.14588217079608284,17038.862599694563,17038.862599694563
-16.791189615369902,-25.805184640638785,0.23995070893727602,-0.0033852800807817815,0.012017005068831858,0.0602044893996484,0.012017005068831858,0.0602044893996484,0.14588217079608284,17305.27484517206,17305.27484517206
-10.386687218611826,-24.779395198250185,0.0713364430696568,-3.968943502675911e-05,0.01929742990590342,-0.0612312580911622,0.01929742990590342,-0.0612312580911622,0.14588217079608284,14204.612869858427,14204.612869858427
23.629196190722553,-23.932241217421016,0.034856306132534945,0.0004701874458026138,0.011041489685515746,0.020715054442536813,0.011041489685515746,0.020715054442536813,0.14588217079608284,9290.649754951086,9290.649754951086
13.757618943288193,-23.16846857117249,0.13433491653186075,-0.0006747062601332728,-0.0335445761938006,0.08904654993872826,-0.0335445761938006,0.08904654993872826,0.14588217079608284,11245.2217427352,11245.2217427352
34.82254674899663,-22.44580020763302,0.06526464650159207,-0.0011283930867018884,-0.029847181832890115,0.039412765431191016,-0.029847181832890115,0.039412765431191016,0.14588217079608284,27775.357908381713,27775.357908381713
28.434358214698875,-22.174719303385494,0.038506821473874776,-1.730962793729798e-05,-0.03127049465329886,-0.08611787136840007,-0.03127049465329886,-0.08611787136840007,0.14588217079608284,24235.740388433733,24235.740388433733
55.68752954567307,-20.692377174397166,0.0,-0.0,0.08233040609606607,0.06535388382173384,0.08233040609606607,0.06535388382173384,0.14588217079608284,13571.433733214632,13571.433733214632
-6.163207822942859,-19.822107774746883,0.2719735001709413,-0.012511090818074442,-0.025527227968491693,0.029056416444946245,-0.025527227968491693,0.029056416444946245,0.14588217079608284,19374.66997600012,19374.66997600012
19.287186491828578,-18.244228289321683,0.12559283984090758,0.00449854228150742,0.0464862605786878,-0.030048518761014217,0.0464862605786878,-0.030048518761014217,0.14588217079608284,7934.75268972792,7934.75268972792
46.422304040813515,-16.65466602833291,0.4030842521851814,-0.016256859254882215,0.039313911089116284,-0.0180839099752903,0.039313911089116284,-0.0180839099752903,0.14588217079608284,11734.359309192612,11734.359309192612
-8.921406212258034,-16.621452610433295,0.009864291134931926,0.0005815495101194816,-0.06556039605202663,0.04125044500441414,-0.06556039605202663,0.04125044500441414,0.14588217079608284,19063.58284595128,19063.58284595128
58.08766730744027,-15.531225437700712,0.45397001138721577,-0.011885620242366154,0.051542860641638,0.062322579091444584,0.051542860641638,0.062322579091444584,0.14588217079608284,12171.89119320179,12171.89119320179
32.84927748553214,-11.494645631358757,0.45548852505856324,0.005469547751983577,0.024362940678894728,-0.04341442088446044,0.024362940678894728,-0.04341442088446044,0.14588217079608284,15407.618858531598,15407.618858531598
46.837321015745204,-8.601266343427731,0.0,-0.0,-0.09044683264576557,-0.020328040863352565,-0.09044683264576557,-0.020328040863352565,0.14588217079608284,15169.894317291544,15169.894317291544
-13.166749930750981,-4.08723239348771,0.10016451292573568,0.004075336659656803,-0.07635516183607426,-0.0820035025682137,-0.07635516183607426,-0.0820035025682137,0.14588217079608284,5145.8089344309565,5145.8089344309565
-22.908056204904483,-2.99305431779338,0.26901726862977515,-0.00847049007750713,0.04364429516700735,-0.019761691424115966,0.04364429516700735,-0.019761691424115966,0.14588217079608284,13225.73577106338,13225.73577106338
-5.921433679948088,-2.015529506055941,0.14551441570069326,-0.0029347442750173387,0.017540967555724936,0.08203028660058286,0.017540967555724936,0.08203028660058286,0.14588217079608284,16736.6718218469,16736.6718218469
22.012315632571756,2.9348615262223205,0.15966660003026537,-0.00041248393254633833,0.013268453534445047,0.02104941635284728,0.013268453534445047,0.02104941635284728,0.14588217079608284,13289.702446896079,13289.702446896079
-20.771141537455513,2.7627017105952802,0.09213138373828882,0.0005276057932708106,0.023382863073368326,-0.0491405687123727,0.023382863073368326,-0.0491405687123727,0.14588217079608284,14741.061468011114,14741.061468011114
8.815134982400266,7.721676688593149,0.09314331991495697,0.005137821429295767,0.00794008327063204,0.0006960709068187892,0.00794008327063204,0.0006960709068187892,0.14588217079608284,6220.014870473864,6220.014870473864
-64.37486104734081,7.677386453956885,0.11434240669931205,0.00189259721676556,-0.00030730690128634566,-0.025378415432684254,-0.00030730690128634566,-0.025378415432684254,0.14588217079608284,11046.447498503281,11046.447498503281
-34.57501198591097,9.834636089219543,0.14694474234530142,0.0006101727466452603,0.009118921457012357,0.01981813602909453,0.009118921457012357,0.01981813602909453,0.14588217079608284,21657.668124009568,21657.668124009568
31.573332577570127,12.12662333674291,0.060749185352419285,0.0017303071618027489,0.029147458778176965,-0.003212264965593105,0.029147458778176965,-0.003212264965593105,0.14588217079608284,9656.624692142701,9656.624692142701
51.158210902153726,11.974587444338326,0.1010993785537619,0.0007425258118485924,-0.000750245824850464,-0.001975661276098128,-0.000750245824850464,-0.001975661276098128,0.14588217079608284,7314.930821800855,7314.930821800855
-56.74043159896025,14.685476897443422,0.2637914204813937,-0.01351772575128129,-0.03788919907110545,0.06938254165559675,-0.03788919907110545,0.06938254165559675,0.14588217079608284,15101.155831084852,15101.155831084852
13.610901992448404,15.457483991106997,0.010830897465796803,0.0004880460462742766,0.005070819970196258,-0.042255768274493385,0.005070819970196258,-0.042255768274493385,0.14588217079608284,7677.912607090942,7677.912607090942
38.69944242413584,17.915295191957185,0.448901041164692,0.021082769324885446,0.01966961479993858,0.009448408999381258,0.01966961479993858,0.009448408999381258,0.14588217079608284,9390.915101979223,9390.915101979223
42.8967681048038,17.018101578344442,0.03610363295302149,-0.0019122181118394691,-0.04683917989270191,0.008033343602848316,-0.04683917989270191,0.008033343602848316,0.14588217079608284,13203.28933535027,13203.28933535027
19.691531580798,18.238473097151484,0.08369455885450547,-0.004559615864139036,0.028360369795011876,-0.0269608478086924,0.028360369795011876,-0.0269608478086924,0.14588217079608284,13970.683524070051,13970.683524070051
52.19647412092911,18.11085183835077,0.08012706488093749,-0.00018022559684753524,-0.011075429364101703,-0.028062630957278678,-0.011075429364101703,-0.028062630957278678,0.14588217079608284,116406.15150075195,116406.15150075195
-55.020695004703406,22.2948729448226,0.3339822462753776,0.006726150872974018,-0.05504315326102184,0.04950606871077983,-0.05504315326102184,0.04950606871077983,0.14588217079608284,19163.882076167898,19163.882076167898
26.337298411220246,23.86088009153555,0.23997609063417086,0.008143858697291069,0.011703862489693176,-0.02284502244982323,0.011703862489693176,-0.02284502244982323,0.14588217079608284,17856.980899333517,17856.980899333517
40.046475576474705,23.106076106587366,0.12873123293925345,0.0051544804713177335,0.0327149174350347,0.004851472147816642,0.0327149174350347,0.004851472147816642,0.14588217079608284,43817.43830183416,43817.43830183416
4.753382285279599,25.229800133674516,0.16852407375423126,-0.007707992500656624,-0.0070496186292125776,-0.026944349077523782,-0.0070496186292125776,-0.026944349077523782,0.14588217079608284,13925.202689633768,13925.202689633768
43.43679826153968,25.34225191456197,0.33007553831698744,0.010737476162177144,-0.011142652089944043,0.02708396039035531,-0.011142652089944043,0.02708396039035531,0.14588217079608284,8677.599246361475,8677.599246361475
26.098647013244744,27.914364507355458,0.11512680669072521,0.0020005892735600857,0.010596414903607718,0.00724039238548256,0.010596414903607718,0.00724039238548256,0.14588217079608284,8818.84587979452,8818.84587979452
-18.34405630679366,29.80060050290473,0.016134424887795814,-0.0003361269507963058,0.07333372551349568,-0.011441597891989013,0.07333372551349568,-0.011441597891989013,0.14588217079608284,15168.718274993225,15168.718274993225
-49.16294403960494,30.27171426774764,0.40026115806268675,-0.005785981972401761,-0.00695938095990142,0.00010307901086721046,-0.00695938095990142,0.00010307901086721046,0.14588217079608284,8662.417075347177,8662.417075347177
-10.456976804439243,31.24644032095908,0.31153893252245696,0.0032721791964902213,-0.05369662212272663,0.09275438738063838,-0.05369662212272663,0.09275438738063838,0.14588217079608284,14094.685902893289,14094.685902893289
14.501291613701284,31.984393434860834,0.049796706220136794,-0.0034560856118627573,-0.07323099006957089,-0.060219381038618014,-0.07323099006957089,-0.060219381038618014,0.14588217079608284,20369.29652420052,20369.29652420052
11.285069877426352,36.25910508536445,0.0433566399790748,-0.0009417443063075942,0.050852471741527225,0.0548993608013972,0.050852471741527225,0.0548993608013972,0.14588217079608284,17562.270365763008,17562.270365763008
46.93638164951656,38.351465735884815,0.10638992340378528,0.001825337475926098,-0.03656421412355603,0.016074799735000613,-0.03656421412355603,0.016074799735000613,0.14588217079608284,14902.562186644533,14902.562186644533
-52.03576366540598,43.35852838862991,0.16519410989449027,0.007566723794107867,0.007324074377314764,0.03593841890039935,0.007324074377314764,0.03593841890039935,0.14588217079608284,9331.404051633837,9331.404051633837
23.83912315661881,50.845236912532414,0.3493742029377098,-0.018621883174242723,-0.036315541156983,-0.0077594182732251245,-0.036315541156983,-0.0077594182732251245,0.14588217079608284,10452.999320360836,10452.999320360836
37.134749145829545,55.479835888370474,0.15891302200850602,-0.006341791586793536,0.05510701265345349,-0.0110383957352779,0.05510701265345349,-0.0110383957352779,0.14588217079608284,12370.538150781744,12370.538150781744
-6.539315257224956,55.82930692791851,0.24072558670136532,-0.002202981418685794,0.06738936819207836,-0.006480581043705317,0.06738936819207836,-0.006480581043705317,0.14588217079608284,25607.436919752607,25607.436919752607
64.45336386083535,55.92446810043323,0.5971392442557012,0.02861298162955537,-0.06933251470556416,0.005539585202791221,-0.06933251470556416,0.005539585202791221,0.14588217079608284,0.013508456794336411,0.013508456794336411
43.82573954575135,58.7988510312198,0.09836242304592756,0.002525991985273092,-0.050782893725152704,-0.051308236764585805,-0.050782893725152704,-0.051308236764585805,0.14588217079608284,23074.446316274876,23074.446316274876
26.518924343526535,60.632960852931106,0.15959951365831776,-0.006848816505083906,0.030821422706677228,0.009114933842188238,0.030821422706677228,0.009114933842188238,0.14588217079608284,7774.715551398999,7774.715551398999
14.794845089019233,62.49409263497124,0.055983960875473346,-0.0009998553494800653,0.03746270045607461,0.042271311584825,0.03746270045607461,0.042271311584825,0.14588217079608284,5934.93807005935,5934.93807005935
-31.319952638207262,64.26573926312498,0.24521135856994963,0.0100393589280724,-0.030909742385147876,-0.01725427695182101,-0.030909742385147876,-0.01725427695182101,0.14588217079608284,10083.158502516822,10083.158502516822
-28.4204314444003,64.77132072997664,0.29184911681900405,0.008393091561557606,-0.0271677790576204,0.07285002415235706,-0.0271677790576204,0.07285002415235706,0.14588217079608284,16639.611574245173,16639.611574245173
-50.32252477490613,69.12573382688826,0.9798296778844698,-0.026869320060977146,0.013049461187046519,0.013049647743412543,0.013049461187046519,0.013049647743412543,0.14588217079608284,0.0003637903429955488,0.0003637903429955488
57.76495946013709,-66.60827299131013,0.6857256796474019,-0.024232524256958887,0.013043923591104905,-0.044284671582562316,0.013043923591104905,-0.044284671582562316,0.14588217079608284,1709.6427667242767,1709.6427667242767
-55.40617865160542,-63.9441013030924,0.3769672532985246,-0.01971437277809006,-0.001267598255435362,-0.010673863015149549,-0.001267598255435362,-0.010673863015149549,0.14588217079608284,8750.052472220214,8750.052472220214
-58.31299788453068,-58.56078597590991,0.029482546613589407,0.0004533449666693143,0.02318590899242999,0.0025225174275722703,0.02318590899242999,0.0025225174275722703,0.14588217079608284,9148.795197195495,9148.795197195495
-11.420027648006851,-57.927828438748854,0.03312033937046093,-9.489494831763041e-05,-0.019463557305602657,0.006072419909860805,-0.019463557305602657,0.006072419909860805,0.14588217079608284,14764.08387991075,14764.08387991075
-8.680623647985648,-56.83724068261678,0.440261574650492,0.0021739078413501073,0.002443592214418828,-0.030934870262835663,0.002443592214418828,-0.030934870262835663,0.14588217079608284,10880.812008544608,10880.812008544608
-51.95869938443265,-55.64124513357609,0.20392241657233126,-0.0084230135654081,-0.012131290546825386,-0.03568938561175038,-0.012131290546825386,-0.03568938561175038,0.14588217079608284,7884.686091536762,7884.686091536762
36.61883846785328,-55.77774564809303,0.1750302038873435,0.009942378464054179,0.02675863511528562,-0.08773719386979227,0.02675863511528562,-0.08773719386979227,0.14588217079608284,19410.047661607245,19410.047661607245
31.080025160079458,-54.328210060284405,0.10202028174203463,-0.0017146906378808261,-0.03897548956249645,0.05143366038657246,-0.03897548956249645,0.05143366038657246,0.14588217079608284,8572.146670643662,8572.146670643662
-58.316359834449344,-48.526422594690324,0.3511141804754587,0.00012579479578711292,0.015786264836112996,-0.033253276167779226,0.015786264836112996,-0.033253276167779226,0.14588217079608284,10230.808549613932,10230.808549613932
49.830658764437445,-44.422199464927,0.3206648464501612,-0.009386343718677997,-0.0007340339475084027,0.001142107260120763,-0.0007340339475084027,0.001142107260120763,0.14588217079608284,6028.118248112596,6028.118248112596
16.233594075162316,-43.546521651044934,0.1695150460403271,-0.004182696477625077,-0.037726437782376734,-0.04756765717401771,-0.037726437782376734,-0.04756765717401771,0.14588217079608284,16206.070271760618,16206.070271760618
13.70658893042065,-43.842830183155655,0.2178986123617813,0.006636698650270115,0.01837257854994725,-0.05821940329572783,0.01837257854994725,-0.05821940329572783,0.14588217079608284,16124.04666445794,16124.04666445794
35.58286737071295,-43.20608589503239,0.26437934651061956,-0.00442875048494087,0.03412431419971966,-0.015873835634736114,0.03412431419971966,-0.015873835634736114,0.14588217079608284,9434.352986154234,9434.352986154234
61.825222358792345,-41.375594895143124,0.0,0.0,-0.08982900511364451,-0.04303217888077652,-0.08982900511364451,-0.04303217888077652,0.14588217079608284,17126.69547614787,17126.69547614787
-31.921441578008242,-38.38825575141894,0.0,0.0,0.07853854637123128,0.00607941087344515,0.07853854637123128,0.00607941087344515,0.14588217079608284,9624.917945913172,9624.917945913172
-20.706324417939946,-35.76634995442861,0.09085465094764321,-0.004079585307580029,-0.004592880050384042,-0.027182639062386334,-0.004592880050384042,-0.027182639062386334,0.14588217079608284,11239.03547251466,11239.03547251466
41.52314589245839,-34.29400211233245,0.27081113018066083,0.0067343620068509025,0.01059315725859514,0.04820250925524668,0.01059315725859514,0.04820250925524668,0.14588217079608284,7455.439449293564,7455.439449293564
6.632825655132024,-34.627955712240464,0.07061474335724066,0.0030402946513017897,-0.07476985682293483,-0.06287159966786009,-0.07476985682293483,-0.06287159966786009,0.14588217079608284,29470.65991721952,29470.65991721952
16.18420526223268,-32.08515274925821,0.0,0.0,-0.025858801799219212,0.00810213476348002,-0.025858801799219212,0.00810213476348002,0.14588217079608284,8123.915377594773,8123.915377594773
16.800159138678765,-29.135472174032834,0.2414404960422158,0.012058607015740361,0.02770204384587594,0.02181486241143072,0.02770204384587594,0.02181486241143072,0.14588217079608284,7217.886973867113,7217.886973867113
10.352538452844954,-31.58594626030912,0.3495970355621981,-0.009057199145664803,-0.06519790543076578,-0.013128661686398459,-0.06519790543076578,-0.013128661686398459,0.14588217079608284,8467.474505313392,8467.474505313392
4.807744073082176,-26.36632845201804,0.1796831169893085,-0.006360770035883169,-0.002911575328676647,0.017773570187410017,-0.002911575328676647,0.017773570187410017,0.14588217079608284,5275.784022732635,5275.784022732635
46.75624503499817,-24.84826278398105,0.0,0.0,-0.06959695965829853,-0.07089373189315283,-0.06959695965829853,-0.07089373189315283,0.14588217079608284,9432.294189423686,9432.294189423686
30.6594372987486,-25.504338937095667,0.06767902369187384,-0.0022554040863038446,0.016536890119639408,-0.03494658239815486,0.016536890119639408,-0.03494658239815486,0.14588217079608284,14432.683561078844,14432.683561078844
43.778319652261004,-24.2307253466195,0.0,-0.0,0.0796707525640424,-0.038649546155924634,0.0796707525640424,-0.038649546155924634,0.14588217079608284,25702.468382679774,25702.468382679774
40.56177520618185,-20.43845485013255,0.36512352480567295,0.0034779181135989874,0.022223640086404695,-0.05608628785108567,0.022223640086404695,-0.05608628785108567,0.14588217079608284,10411.433873539487,10411.433873539487
-0.3766069834361332,-18.958098200171932,0.745203564901804,0.005000414421960164,0.009985258377511996,0.007046516460833803,0.009985258377511996,0.007046516460833803,0.14588217079608284,5891.292538409175,5891.292538409175
-12.60602401058,-16.724981841655165,0.12695673686799483,0.0014433289596694934,0.051650259110603766,-0.015087168972961772,0.051650259110603766,-0.015087168972961772,0.14588217079608284,17781.52157762305,17781.52157762305
-48.74345460098611,-16.746657653247873,0.3299460086278536,-0.018010665377289695,-0.07095589087998692,-0.02399593450521826,-0.07095589087998692,-0.02399593450521826,0.14588217079608284,14019.789466399045,14019.789466399045
29.232780980029375,-15.181128677764548,0.0865480574542341,-0.00025636656854453573,0.008774008840670986,-0.030910105941131583,0.008774008840670986,-0.030910105941131583,0.14588217079608284,6249.225066025913,6249.225066025913
17.129001600416146,-15.614137678059492,0.16245310637199367,0.0044388346343572456,-0.02190646805847222,-0.007226983661648642,-0.02190646805847222,-0.007226983661648642,0.14588217079608284,14217.81718886338,14217.81718886338
20.33495125864458,-13.354286246712881,0.1463350333465176,0.002287949375329218,-0.01861060689880961,0.021253382872013327,-0.01861060689880961,0.021253382872013327,0.14588217079608284,10395.146306983615,10395.146306983615
47.44266262163518,-11.40009962702188,0.2353988207232402,-0.00833645840135922,0.03298596659005501,0.013216669236032059,0.03298596659005501,0.013216669236032059,0.14588217079608284,9036.18793715036,9036.18793715036
56.841897643305714,-11.323069664549905,0.06024829674392577,0.0012135609606160845,0.0031607162082058866,-0.0070941634707134575,0.0031607162082058866,-0.0070941634707134575,0.14588217079608284,10914.667635143824,10914.667635143824
57.79935432843091,-9.317074009272808,0.49858631761449795,-0.011784730522735869,0.005627421884681651,-0.03700586176966234,0.005627421884681651,-0.03700586176966234,0.14588217079608284,9276.413801050516,9276.413801050516
-39.84451921912383,-10.867334596586673,0.009315479258710868,-7.341116035335031e-05,0.020954742023458504,-0.01430216446986506,0.020954742023458504,-0.01430216446986506,0.14588217079608284,10224.790259615838,10224.790259615838
-45.49126672844156,-9.789217177479337,0.11523543335030682,-0.002915712435418484,-0.09618892697265637,-0.05135824624166784,-0.09618892697265637,-0.05135824624166784,0.14588217079608284,10949.759239979507,10949.759239979507
25.482447661282478,-8.936074688957149,0.4098958231781998,-0.015946025740074664,-0.02835208458781313,-0.02946855882194464,-0.02835208458781313,-0.02946855882194464,0.14588217079608284,4562.433453232888,4562.433453232888
5.3629091799972315,-9.912361516081816,0.14806502180984246,0.0013425980286417144,-0.06541444957688645,0.07253406373055314,-0.06541444957688645,0.07253406373055314,0.14588217079608284,18082.012669012478,18082.012669012478
36.51501533026175,-8.962350464352369,0.06628779315009366,0.0006506255075801306,-0.004795128958505448,0.033173413405980526,-0.004795128958505448,0.033173413405980526,0.14588217079608284,19661.290825047607,19661.290825047607
20.26719717912465,-7.0570737478527406,0.20166971651843543,0.0035517206752511154,0.026630497787492352,0.05465912451890414,0.026630497787492352,0.05465912451890414,0.14588217079608284,15183.985818949874,15183.985818949874
-35.922258436323034,-4.292496437213018,0.2529351839122252,-0.0016779139434094962,0.06209687175845488,0.06776736648874274,0.06209687175845488,0.06776736648874274,0.14588217079608284,22474.93161358629,22474.93161358629
-32.22851615226894,-3.6181107212569827,0.3457385101854043,-0.008464965391897741,-0.011254139815773808,0.006261233400880321,-0.011254139815773808,0.006261233400880321,0.14588217079608284,8498.455596304115,8498.455596304115
61.16384320066119,-3.9804579452774362,0.046045387749937945,-0.000487908587853558,0.0321954528781576,0.07782997915901098,0.0321954528781576,0.07782997915901098,0.14588217079608284,12574.003784516235,12574.003784516235
23.947004202295787,-0.8187307983251912,0.08983464538798887,0.004518837811422888,-0.023360575296337817,0.07635359163626577,-0.023360575296337817,0.07635359163626577,0.14588217079608284,19005.282147976042,19005.282147976042
41.65996078533608,5.587920320425397,0.5685071172775028,-0.030674238344380968,0.0007832869768039605,0.03836685174982049,0.0007832869768039605,0.03836685174982049,0.14588217079608284,5350.6143582649565,5350.6143582649565
-13.296264164469513,7.103155056845537,0.26619996825332304,0.008367221566038658,0.05386022213741452,-0.009520181949719894,0.05386022213741452,-0.009520181949719894,0.14588217079608284,10472.419823365997,10472.419823365997
15.530966843922002,9.193249925302197,0.24761843421477267,-0.012221595860657226,-0.02263071608512215,-0.0413376442187408,-0.02263071608512215,-0.0413376442187408,0.14588217079608284,10975.999834885779,10975.999834885779
12.709503448620097,8.81748243603434,0.2717913519709865,0.0102340069355921,0.01744881025192817,0.02157172458825137,0.01744881025192817,0.02157172458825137,0.14588217079608284,14267.06609515848,14267.06609515848
12.45330288597097,10.539347052388294,0.2708409039618656,-0.004844792139428809,-0.014789265944934056,-0.028500521559658796,-0.014789265944934056,-0.028500521559658796,0.14588217079608284,18628.811762551475,18628.811762551475
49.4396501051727,16.96166220617026,0.3348581747708809,-0.005446860853380497,-0.024745982101232578,0.00963962431734574,-0.024745982101232578,0.00963962431734574,0.14588217079608284,5828.453297192038,5828.453297192038
27.33691517098933,17.429653319356873,0.16076488040251882,0.002939122749088497,0.06054370677453886,0.03405190568405265,0.06054370677453886,0.03405190568405265,0.14588217079608284,14302.993899420067,14302.993899420067
12.249424273963214,18.04677555079695,0.26906248832620816,0.0021161132649133154,-0.017427432070832184,-0.02503664288915121,-0.017427432070832184,-0.02503664288915121,0.14588217079608284,13439.701995655174,13439.701995655174
-40.90851945933924,20.32493874161213,0.005988083206529721,-0.00020003963405479763,0.08072071902567114,-0.03970938645765329,0.08072071902567114,-0.03970938645765329,0.14588217079608284,9091.265080618148,9091.265080618148
-1.574816813417911,21.90958720201634,0.5032326608112219,-0.005578250944201334,0.017509231255021813,0.021663255380098605,0.017509231255021813,0.021663255380098605,0.14588217079608284,4781.632316205881,4781.632316205881
-22.189311235623876,24.543847370283387,0.06360507865412063,0.0024642730616003727,-0.02775383278170908,0.09530672292177461,-0.02775383278170908,0.09530672292177461,0.14588217079608284,9329.219082849757,9329.219082849757
37.179343909810015,28.430601509572682,0.3033661615791418,0.012756195894182216,-0.008431936072645916,-0.017918208849804204,-0.008431936072645916,-0.017918208849804204,0.14588217079608284,10756.556542799277,10756.556542799277
-41.462919145277425,31.65959955971593,0.07268507024865742,0.001956155795407976,-0.0007037647735000049,0.035026247651754897,-0.0007037647735000049,0.035026247651754897,0.14588217079608284,8920.404258487693,8920.404258487693
29.331962610010663,31.904988099172584,0.13351229834765824,0.002773232989037402,0.034917939930837354,0.022584687915399384,0.034917939930837354,0.022584687915399384,0.14588217079608284,13661.475775692454,13661.475775692454
-36.938083941149166,42.64843274319682,0.22675813047451723,-0.012535545451369073,-0.045768082956920794,0.021191041953199496,-0.045768082956920794,0.021191041953199496,0.14588217079608284,13911.762240524873,13911.762240524873
27.635379275369587,43.583493504818605,0.25248564100500603,0.013467459251885283,0.05652925985063734,-0.0012663937446777478,0.05652925985063734,-0.0012663937446777478,0.14588217079608284,7204.586614754042,7204.586614754042
-7.311807193968221,45.54688016058928,0.26378928123741824,-0.00027307276519566374,0.024814571993529443,0.045737455220477105,0.024814571993529443,0.045737455220477105,0.14588217079608284,9107.382997625846,9107.382997625846
-43.77870913373977,45.456994417528136,0.4772861050852139,0.020182601769162235,0.05172954441793838,0.07697978511111365,0.05172954441793838,0.07697978511111365,0.14588217079608284,22399.139682193214,22399.139682193214
60.45024126206319,51.32129282850701,0.318844843545039,0.012370636845733116,-0.0050095990553917745,-0.032715476179294004,-0.0050095990553917745,-0.032715476179294004,0.14588217079608284,9320.045461775328,9320.045461775328
66.10671903755654,53.30303130103415,0.2900177273811654,-0.014259340365990691,-0.04053098508125555,0.008435151139552845,-0.04053098508125555,0.008435151139552845,0.14588217079608284,26642.717977640787,26642.717977640787
22.377769769655046,55.34014734137969,0.08767307115847162,0.00047365378205168246,-0.035247870872415314,0.007931025084000615,-0.035247870872415314,0.007931025084000615,0.14588217079608284,17654.45523521808,17654.45523521808
30.310251728977292,57.35488185694636,0.576896905039853,0.01898848838314045,0.05313198164165185,0.016296346062820335,0.05313198164165185,0.016296346062820335,0.14588217079608284,8380.609795291442,8380.609795291442
-13.368077912852954,60.50128994815425,0.20761919022954317,-0.007168188957588002,-0.06798884047569793,-0.026702031976059207,-0.06798884047569793,-0.026702031976059207,0.14588217079608284,8128.613773755402,8128.613773755402
-1.0381654214992437,61.76754464198156,0.46795854047336766,0.013639951059943811,-0.07661500955943774,-0.08087946221024438,-0.07661500955943774,-0.08087946221024438,0.14588217079608284,13273.434914684958,13273.434914684958
